file,test_iteration,refine_iteration,refine_time,overhead_time,epsilon,cost,task_assignments_changed
general/natural/road/road_paths_02_DE_b.min,0,0,598601,3033,781618844,18658351,-1
general/natural/road/road_paths_02_DE_b.min,0,1,455522,2937,390809422,19526530,-1
general/natural/road/road_paths_02_DE_b.min,0,2,576922,3104,195404711,14875984,-1
general/natural/road/road_paths_02_DE_b.min,0,3,640265,3008,97702355,9041834,-1
general/natural/road/road_paths_02_DE_b.min,0,4,740975,3109,48851177,4266394,-1
general/natural/road/road_paths_02_DE_b.min,0,5,726406,3133,24425588,1743642,-1
general/natural/road/road_paths_02_DE_b.min,0,6,986262,3069,12212794,1201726,-1
general/natural/road/road_paths_02_DE_b.min,0,7,707353,3018,6106397,1110358,-1
general/natural/road/road_paths_02_DE_b.min,0,8,602346,3016,3053198,1092733,-1
general/natural/road/road_paths_02_DE_b.min,0,9,433181,2999,1526599,1090250,-1
general/natural/road/road_paths_02_DE_b.min,0,10,387964,2995,763299,1089958,-1
general/natural/road/road_paths_02_DE_b.min,0,11,487676,2984,381649,1089882,-1
general/natural/road/road_paths_02_DE_b.min,0,12,358674,3003,190824,1089869,-1
general/natural/road/road_paths_02_DE_b.min,0,13,253254,2967,95412,1089868,-1
general/natural/road/road_paths_02_DE_b.min,0,14,354689,2973,47706,1089868,-1
general/natural/road/road_paths_02_DE_b.min,0,15,387473,3047,23853,1089868,-1
general/natural/road/road_paths_02_DE_b.min,0,16,358803,2951,11926,1089868,-1
general/natural/road/road_paths_02_DE_b.min,0,17,447192,3073,5963,1089868,-1
general/natural/road/road_paths_02_DE_b.min,0,18,329517,3102,2981,1089868,-1
general/natural/road/road_paths_02_DE_b.min,0,19,424032,2965,1490,1089868,-1
general/natural/road/road_paths_02_DE_b.min,0,20,284133,3071,745,1089868,-1
general/natural/road/road_paths_02_DE_b.min,0,21,305813,2983,372,1089868,-1
general/natural/road/road_paths_02_DE_b.min,0,22,346190,3041,186,1089868,-1
general/natural/road/road_paths_02_DE_b.min,0,23,356152,3069,93,1089868,-1
general/natural/road/road_paths_02_DE_b.min,0,24,348332,2975,46,1089868,-1
general/natural/road/road_paths_02_DE_b.min,0,25,343495,3087,23,1089868,-1
general/natural/road/road_paths_02_DE_b.min,0,26,342121,3061,11,1089868,-1
general/natural/road/road_paths_02_DE_b.min,0,27,389909,2994,5,1089868,-1
general/natural/road/road_paths_02_DE_b.min,0,28,412632,3101,2,1089868,-1
general/natural/road/road_paths_02_DE_b.min,1,0,667295,2941,781618844,18658351,-1
general/natural/road/road_paths_02_DE_b.min,1,1,437625,3036,390809422,19526530,-1
general/natural/road/road_paths_02_DE_b.min,1,2,551096,3063,195404711,14875984,-1
general/natural/road/road_paths_02_DE_b.min,1,3,615032,3012,97702355,9041834,-1
general/natural/road/road_paths_02_DE_b.min,1,4,707987,3154,48851177,4266394,-1
general/natural/road/road_paths_02_DE_b.min,1,5,692106,3103,24425588,1743642,-1
general/natural/road/road_paths_02_DE_b.min,1,6,942036,3120,12212794,1201726,-1
general/natural/road/road_paths_02_DE_b.min,1,7,671017,3127,6106397,1110358,-1
general/natural/road/road_paths_02_DE_b.min,1,8,571836,3020,3053198,1092733,-1
general/natural/road/road_paths_02_DE_b.min,1,9,417906,3046,1526599,1090250,-1
general/natural/road/road_paths_02_DE_b.min,1,10,361759,3006,763299,1089958,-1
general/natural/road/road_paths_02_DE_b.min,1,11,460136,3130,381649,1089882,-1
general/natural/road/road_paths_02_DE_b.min,1,12,337141,3048,190824,1089869,-1
general/natural/road/road_paths_02_DE_b.min,1,13,244728,3059,95412,1089868,-1
general/natural/road/road_paths_02_DE_b.min,1,14,341411,3070,47706,1089868,-1
general/natural/road/road_paths_02_DE_b.min,1,15,374642,3024,23853,1089868,-1
general/natural/road/road_paths_02_DE_b.min,1,16,340308,3094,11926,1089868,-1
general/natural/road/road_paths_02_DE_b.min,1,17,428625,3122,5963,1089868,-1
general/natural/road/road_paths_02_DE_b.min,1,18,310639,3011,2981,1089868,-1
general/natural/road/road_paths_02_DE_b.min,1,19,399527,3041,1490,1089868,-1
general/natural/road/road_paths_02_DE_b.min,1,20,275532,3099,745,1089868,-1
general/natural/road/road_paths_02_DE_b.min,1,21,287700,3043,372,1089868,-1
general/natural/road/road_paths_02_DE_b.min,1,22,333989,3084,186,1089868,-1
general/natural/road/road_paths_02_DE_b.min,1,23,341611,3102,93,1089868,-1
general/natural/road/road_paths_02_DE_b.min,1,24,330913,3026,46,1089868,-1
general/natural/road/road_paths_02_DE_b.min,1,25,326098,3063,23,1089868,-1
general/natural/road/road_paths_02_DE_b.min,1,26,324024,3134,11,1089868,-1
general/natural/road/road_paths_02_DE_b.min,1,27,368872,3030,5,1089868,-1
general/natural/road/road_paths_02_DE_b.min,1,28,387542,3056,2,1089868,-1
general/natural/road/road_paths_02_DE_b.min,2,0,695890,3007,781618844,18658351,-1
general/natural/road/road_paths_02_DE_b.min,2,1,458837,2984,390809422,19526530,-1
general/natural/road/road_paths_02_DE_b.min,2,2,577616,3022,195404711,14875984,-1
general/natural/road/road_paths_02_DE_b.min,2,3,654674,3028,97702355,9041834,-1
general/natural/road/road_paths_02_DE_b.min,2,4,738266,3214,48851177,4266394,-1
general/natural/road/road_paths_02_DE_b.min,2,5,714100,2998,24425588,1743642,-1
general/natural/road/road_paths_02_DE_b.min,2,6,966979,3010,12212794,1201726,-1
general/natural/road/road_paths_02_DE_b.min,2,7,696581,3086,6106397,1110358,-1
general/natural/road/road_paths_02_DE_b.min,2,8,593876,3057,3053198,1092733,-1
general/natural/road/road_paths_02_DE_b.min,2,9,433564,3003,1526599,1090250,-1
general/natural/road/road_paths_02_DE_b.min,2,10,378775,3000,763299,1089958,-1
general/natural/road/road_paths_02_DE_b.min,2,11,475207,3029,381649,1089882,-1
general/natural/road/road_paths_02_DE_b.min,2,12,355244,3034,190824,1089869,-1
general/natural/road/road_paths_02_DE_b.min,2,13,253041,3012,95412,1089868,-1
general/natural/road/road_paths_02_DE_b.min,2,14,356475,3164,47706,1089868,-1
general/natural/road/road_paths_02_DE_b.min,2,15,391298,3031,23853,1089868,-1
general/natural/road/road_paths_02_DE_b.min,2,16,356447,3046,11926,1089868,-1
general/natural/road/road_paths_02_DE_b.min,2,17,445795,2993,5963,1089868,-1
general/natural/road/road_paths_02_DE_b.min,2,18,327228,3028,2981,1089868,-1
general/natural/road/road_paths_02_DE_b.min,2,19,414930,3086,1490,1089868,-1
general/natural/road/road_paths_02_DE_b.min,2,20,287582,3035,745,1089868,-1
general/natural/road/road_paths_02_DE_b.min,2,21,303352,3045,372,1089868,-1
general/natural/road/road_paths_02_DE_b.min,2,22,350106,3106,186,1089868,-1
general/natural/road/road_paths_02_DE_b.min,2,23,356787,3004,93,1089868,-1
general/natural/road/road_paths_02_DE_b.min,2,24,346774,3138,46,1089868,-1
general/natural/road/road_paths_02_DE_b.min,2,25,344473,3097,23,1089868,-1
general/natural/road/road_paths_02_DE_b.min,2,26,335591,3047,11,1089868,-1
general/natural/road/road_paths_02_DE_b.min,2,27,389034,3360,5,1089868,-1
general/natural/road/road_paths_02_DE_b.min,2,28,404970,3084,2,1089868,-1
general/natural/road/road_paths_02_DE_b.min,3,0,694373,2940,781618844,18658351,-1
general/natural/road/road_paths_02_DE_b.min,3,1,453945,2918,390809422,19526530,-1
general/natural/road/road_paths_02_DE_b.min,3,2,576178,3108,195404711,14875984,-1
general/natural/road/road_paths_02_DE_b.min,3,3,628657,2917,97702355,9041834,-1
general/natural/road/road_paths_02_DE_b.min,3,4,716767,3195,48851177,4266394,-1
general/natural/road/road_paths_02_DE_b.min,3,5,706624,3090,24425588,1743642,-1
general/natural/road/road_paths_02_DE_b.min,3,6,951121,3056,12212794,1201726,-1
general/natural/road/road_paths_02_DE_b.min,3,7,684660,2988,6106397,1110358,-1
general/natural/road/road_paths_02_DE_b.min,3,8,584216,2982,3053198,1092733,-1
general/natural/road/road_paths_02_DE_b.min,3,9,428481,3168,1526599,1090250,-1
general/natural/road/road_paths_02_DE_b.min,3,10,375961,2972,763299,1089958,-1
general/natural/road/road_paths_02_DE_b.min,3,11,463916,2936,381649,1089882,-1
general/natural/road/road_paths_02_DE_b.min,3,12,352136,3058,190824,1089869,-1
general/natural/road/road_paths_02_DE_b.min,3,13,245068,3042,95412,1089868,-1
general/natural/road/road_paths_02_DE_b.min,3,14,344417,2992,47706,1089868,-1
general/natural/road/road_paths_02_DE_b.min,3,15,379933,3078,23853,1089868,-1
general/natural/road/road_paths_02_DE_b.min,3,16,346647,2974,11926,1089868,-1
general/natural/road/road_paths_02_DE_b.min,3,17,429060,2917,5963,1089868,-1
general/natural/road/road_paths_02_DE_b.min,3,18,319987,3064,2981,1089868,-1
general/natural/road/road_paths_02_DE_b.min,3,19,406642,2978,1490,1089868,-1
general/natural/road/road_paths_02_DE_b.min,3,20,278593,2971,745,1089868,-1
general/natural/road/road_paths_02_DE_b.min,3,21,295613,3073,372,1089868,-1
general/natural/road/road_paths_02_DE_b.min,3,22,336966,2976,186,1089868,-1
general/natural/road/road_paths_02_DE_b.min,3,23,345248,2948,93,1089868,-1
general/natural/road/road_paths_02_DE_b.min,3,24,339526,3123,46,1089868,-1
general/natural/road/road_paths_02_DE_b.min,3,25,334086,2957,23,1089868,-1
general/natural/road/road_paths_02_DE_b.min,3,26,326746,2955,11,1089868,-1
general/natural/road/road_paths_02_DE_b.min,3,27,374833,3178,5,1089868,-1
general/natural/road/road_paths_02_DE_b.min,3,28,394788,3004,2,1089868,-1
general/natural/road/road_paths_02_DE_b.min,4,0,691381,2921,781618844,18658351,-1
general/natural/road/road_paths_02_DE_b.min,4,1,441491,2999,390809422,19526530,-1
general/natural/road/road_paths_02_DE_b.min,4,2,555745,3011,195404711,14875984,-1
general/natural/road/road_paths_02_DE_b.min,4,3,617000,3235,97702355,9041834,-1
general/natural/road/road_paths_02_DE_b.min,4,4,706764,3041,48851177,4266394,-1
general/natural/road/road_paths_02_DE_b.min,4,5,697493,3099,24425588,1743642,-1
general/natural/road/road_paths_02_DE_b.min,4,6,944661,3093,12212794,1201726,-1
general/natural/road/road_paths_02_DE_b.min,4,7,673606,3020,6106397,1110358,-1
general/natural/road/road_paths_02_DE_b.min,4,8,574436,3048,3053198,1092733,-1
general/natural/road/road_paths_02_DE_b.min,4,9,419552,3036,1526599,1090250,-1
general/natural/road/road_paths_02_DE_b.min,4,10,364597,3099,763299,1089958,-1
general/natural/road/road_paths_02_DE_b.min,4,11,457876,2988,381649,1089882,-1
general/natural/road/road_paths_02_DE_b.min,4,12,342012,3037,190824,1089869,-1
general/natural/road/road_paths_02_DE_b.min,4,13,244940,3096,95412,1089868,-1
general/natural/road/road_paths_02_DE_b.min,4,14,340503,2999,47706,1089868,-1
general/natural/road/road_paths_02_DE_b.min,4,15,374932,3075,23853,1089868,-1
general/natural/road/road_paths_02_DE_b.min,4,16,340893,3031,11926,1089868,-1
general/natural/road/road_paths_02_DE_b.min,4,17,425852,2980,5963,1089868,-1
general/natural/road/road_paths_02_DE_b.min,4,18,312571,3089,2981,1089868,-1
general/natural/road/road_paths_02_DE_b.min,4,19,399819,3031,1490,1089868,-1
general/natural/road/road_paths_02_DE_b.min,4,20,274500,2996,745,1089868,-1
general/natural/road/road_paths_02_DE_b.min,4,21,289346,3171,372,1089868,-1
general/natural/road/road_paths_02_DE_b.min,4,22,334010,3043,186,1089868,-1
general/natural/road/road_paths_02_DE_b.min,4,23,344309,3140,93,1089868,-1
general/natural/road/road_paths_02_DE_b.min,4,24,333472,3095,46,1089868,-1
general/natural/road/road_paths_02_DE_b.min,4,25,326928,3033,23,1089868,-1
general/natural/road/road_paths_02_DE_b.min,4,26,323204,3194,11,1089868,-1
general/natural/road/road_paths_02_DE_b.min,4,27,368888,3244,5,1089868,-1
general/natural/road/road_paths_02_DE_b.min,4,28,388083,3027,2,1089868,-1
general/natural/road/road_paths_02_DE_d.min,0,0,880766,3013,781618844,21392197,-1
general/natural/road/road_paths_02_DE_d.min,0,1,839025,3022,390809422,19816603,-1
general/natural/road/road_paths_02_DE_d.min,0,2,1030717,3016,195404711,14860510,-1
general/natural/road/road_paths_02_DE_d.min,0,3,942690,2983,97702355,9304657,-1
general/natural/road/road_paths_02_DE_d.min,0,4,759746,3086,48851177,4463583,-1
general/natural/road/road_paths_02_DE_d.min,0,5,1233575,2976,24425588,1947343,-1
general/natural/road/road_paths_02_DE_d.min,0,6,1221740,3056,12212794,1417764,-1
general/natural/road/road_paths_02_DE_d.min,0,7,961353,3186,6106397,1314002,-1
general/natural/road/road_paths_02_DE_d.min,0,8,877459,3072,3053198,1296538,-1
general/natural/road/road_paths_02_DE_d.min,0,9,473777,3021,1526599,1294332,-1
general/natural/road/road_paths_02_DE_d.min,0,10,358308,3004,763299,1294078,-1
general/natural/road/road_paths_02_DE_d.min,0,11,648985,3043,381649,1294041,-1
general/natural/road/road_paths_02_DE_d.min,0,12,505828,2996,190824,1294012,-1
general/natural/road/road_paths_02_DE_d.min,0,13,365281,3014,95412,1294013,-1
general/natural/road/road_paths_02_DE_d.min,0,14,378040,3001,47706,1294011,-1
general/natural/road/road_paths_02_DE_d.min,0,15,552125,3030,23853,1294011,-1
general/natural/road/road_paths_02_DE_d.min,0,16,514200,3358,11926,1294011,-1
general/natural/road/road_paths_02_DE_d.min,0,17,391677,3052,5963,1294011,-1
general/natural/road/road_paths_02_DE_d.min,0,18,567123,3079,2981,1294011,-1
general/natural/road/road_paths_02_DE_d.min,0,19,612765,3066,1490,1294011,-1
general/natural/road/road_paths_02_DE_d.min,0,20,478338,3143,745,1294011,-1
general/natural/road/road_paths_02_DE_d.min,0,21,366313,3050,372,1294011,-1
general/natural/road/road_paths_02_DE_d.min,0,22,589730,3030,186,1294011,-1
general/natural/road/road_paths_02_DE_d.min,0,23,286732,2992,93,1294011,-1
general/natural/road/road_paths_02_DE_d.min,0,24,581835,3144,46,1294011,-1
general/natural/road/road_paths_02_DE_d.min,0,25,440837,3007,23,1294011,-1
general/natural/road/road_paths_02_DE_d.min,0,26,512561,3126,11,1294011,-1
general/natural/road/road_paths_02_DE_d.min,0,27,518418,3024,5,1294011,-1
general/natural/road/road_paths_02_DE_d.min,0,28,652371,3106,2,1294011,-1
general/natural/road/road_paths_02_DE_d.min,1,0,882767,2996,781618844,21392197,-1
general/natural/road/road_paths_02_DE_d.min,1,1,839915,3011,390809422,19816603,-1
general/natural/road/road_paths_02_DE_d.min,1,2,1019784,2981,195404711,14860510,-1
general/natural/road/road_paths_02_DE_d.min,1,3,930661,3033,97702355,9304657,-1
general/natural/road/road_paths_02_DE_d.min,1,4,745300,3014,48851177,4463583,-1
general/natural/road/road_paths_02_DE_d.min,1,5,1208908,3004,24425588,1947343,-1
general/natural/road/road_paths_02_DE_d.min,1,6,1209290,3094,12212794,1417764,-1
general/natural/road/road_paths_02_DE_d.min,1,7,947812,3022,6106397,1314002,-1
general/natural/road/road_paths_02_DE_d.min,1,8,859381,3013,3053198,1296538,-1
general/natural/road/road_paths_02_DE_d.min,1,9,467918,3083,1526599,1294332,-1
general/natural/road/road_paths_02_DE_d.min,1,10,354165,3019,763299,1294078,-1
general/natural/road/road_paths_02_DE_d.min,1,11,637071,3058,381649,1294041,-1
general/natural/road/road_paths_02_DE_d.min,1,12,491603,2994,190824,1294012,-1
general/natural/road/road_paths_02_DE_d.min,1,13,361920,3032,95412,1294013,-1
general/natural/road/road_paths_02_DE_d.min,1,14,371998,3020,47706,1294011,-1
general/natural/road/road_paths_02_DE_d.min,1,15,542276,3067,23853,1294011,-1
general/natural/road/road_paths_02_DE_d.min,1,16,502428,3049,11926,1294011,-1
general/natural/road/road_paths_02_DE_d.min,1,17,384647,3044,5963,1294011,-1
general/natural/road/road_paths_02_DE_d.min,1,18,556078,3115,2981,1294011,-1
general/natural/road/road_paths_02_DE_d.min,1,19,599164,3058,1490,1294011,-1
general/natural/road/road_paths_02_DE_d.min,1,20,469002,3088,745,1294011,-1
general/natural/road/road_paths_02_DE_d.min,1,21,362437,3069,372,1294011,-1
general/natural/road/road_paths_02_DE_d.min,1,22,577180,3038,186,1294011,-1
general/natural/road/road_paths_02_DE_d.min,1,23,283836,2972,93,1294011,-1
general/natural/road/road_paths_02_DE_d.min,1,24,569439,3034,46,1294011,-1
general/natural/road/road_paths_02_DE_d.min,1,25,432230,3048,23,1294011,-1
general/natural/road/road_paths_02_DE_d.min,1,26,502752,3091,11,1294011,-1
general/natural/road/road_paths_02_DE_d.min,1,27,507322,2996,5,1294011,-1
general/natural/road/road_paths_02_DE_d.min,1,28,634200,3076,2,1294011,-1
general/natural/road/road_paths_02_DE_d.min,2,0,916736,3031,781618844,21392197,-1
general/natural/road/road_paths_02_DE_d.min,2,1,855689,3057,390809422,19816603,-1
general/natural/road/road_paths_02_DE_d.min,2,2,1044333,3128,195404711,14860510,-1
general/natural/road/road_paths_02_DE_d.min,2,3,952523,3068,97702355,9304657,-1
general/natural/road/road_paths_02_DE_d.min,2,4,769061,3047,48851177,4463583,-1
general/natural/road/road_paths_02_DE_d.min,2,5,1238915,3025,24425588,1947343,-1
general/natural/road/road_paths_02_DE_d.min,2,6,1222587,3069,12212794,1417764,-1
general/natural/road/road_paths_02_DE_d.min,2,7,969793,3044,6106397,1314002,-1
general/natural/road/road_paths_02_DE_d.min,2,8,880214,3106,3053198,1296538,-1
general/natural/road/road_paths_02_DE_d.min,2,9,482195,3064,1526599,1294332,-1
general/natural/road/road_paths_02_DE_d.min,2,10,364667,3025,763299,1294078,-1
general/natural/road/road_paths_02_DE_d.min,2,11,653044,3146,381649,1294041,-1
general/natural/road/road_paths_02_DE_d.min,2,12,507764,3047,190824,1294012,-1
general/natural/road/road_paths_02_DE_d.min,2,13,368868,3083,95412,1294013,-1
general/natural/road/road_paths_02_DE_d.min,2,14,379902,3046,47706,1294011,-1
general/natural/road/road_paths_02_DE_d.min,2,15,555337,3044,23853,1294011,-1
general/natural/road/road_paths_02_DE_d.min,2,16,516541,3067,11926,1294011,-1
general/natural/road/road_paths_02_DE_d.min,2,17,393350,3092,5963,1294011,-1
general/natural/road/road_paths_02_DE_d.min,2,18,569427,3085,2981,1294011,-1
general/natural/road/road_paths_02_DE_d.min,2,19,614543,3094,1490,1294011,-1
general/natural/road/road_paths_02_DE_d.min,2,20,481216,3090,745,1294011,-1
general/natural/road/road_paths_02_DE_d.min,2,21,369058,3082,372,1294011,-1
general/natural/road/road_paths_02_DE_d.min,2,22,591386,3095,186,1294011,-1
general/natural/road/road_paths_02_DE_d.min,2,23,289526,3046,93,1294011,-1
general/natural/road/road_paths_02_DE_d.min,2,24,583717,3078,46,1294011,-1
general/natural/road/road_paths_02_DE_d.min,2,25,441559,3057,23,1294011,-1
general/natural/road/road_paths_02_DE_d.min,2,26,513202,3057,11,1294011,-1
general/natural/road/road_paths_02_DE_d.min,2,27,520223,3057,5,1294011,-1
general/natural/road/road_paths_02_DE_d.min,2,28,651776,3082,2,1294011,-1
general/natural/road/road_paths_02_DE_d.min,3,0,901077,2961,781618844,21392197,-1
general/natural/road/road_paths_02_DE_d.min,3,1,846116,2992,390809422,19816603,-1
general/natural/road/road_paths_02_DE_d.min,3,2,1033983,3008,195404711,14860510,-1
general/natural/road/road_paths_02_DE_d.min,3,3,947905,2966,97702355,9304657,-1
general/natural/road/road_paths_02_DE_d.min,3,4,766103,3012,48851177,4463583,-1
general/natural/road/road_paths_02_DE_d.min,3,5,1252870,3043,24425588,1947343,-1
general/natural/road/road_paths_02_DE_d.min,3,6,1226804,3037,12212794,1417764,-1
general/natural/road/road_paths_02_DE_d.min,3,7,965676,2999,6106397,1314002,-1
general/natural/road/road_paths_02_DE_d.min,3,8,875044,3013,3053198,1296538,-1
general/natural/road/road_paths_02_DE_d.min,3,9,480258,2994,1526599,1294332,-1
general/natural/road/road_paths_02_DE_d.min,3,10,359110,2998,763299,1294078,-1
general/natural/road/road_paths_02_DE_d.min,3,11,648376,3042,381649,1294041,-1
general/natural/road/road_paths_02_DE_d.min,3,12,506390,2971,190824,1294012,-1
general/natural/road/road_paths_02_DE_d.min,3,13,365845,3010,95412,1294013,-1
general/natural/road/road_paths_02_DE_d.min,3,14,377934,3002,47706,1294011,-1
general/natural/road/road_paths_02_DE_d.min,3,15,550404,2978,23853,1294011,-1
general/natural/road/road_paths_02_DE_d.min,3,16,513919,2973,11926,1294011,-1
general/natural/road/road_paths_02_DE_d.min,3,17,391165,3095,5963,1294011,-1
general/natural/road/road_paths_02_DE_d.min,3,18,567427,3024,2981,1294011,-1
general/natural/road/road_paths_02_DE_d.min,3,19,612254,3004,1490,1294011,-1
general/natural/road/road_paths_02_DE_d.min,3,20,477779,3014,745,1294011,-1
general/natural/road/road_paths_02_DE_d.min,3,21,368245,3018,372,1294011,-1
general/natural/road/road_paths_02_DE_d.min,3,22,587639,3027,186,1294011,-1
general/natural/road/road_paths_02_DE_d.min,3,23,288144,3091,93,1294011,-1
general/natural/road/road_paths_02_DE_d.min,3,24,581633,3072,46,1294011,-1
general/natural/road/road_paths_02_DE_d.min,3,25,437435,2988,23,1294011,-1
general/natural/road/road_paths_02_DE_d.min,3,26,512330,3029,11,1294011,-1
general/natural/road/road_paths_02_DE_d.min,3,27,517203,3005,5,1294011,-1
general/natural/road/road_paths_02_DE_d.min,3,28,651402,3034,2,1294011,-1
general/natural/road/road_paths_02_DE_d.min,4,0,906222,3102,781618844,21392197,-1
general/natural/road/road_paths_02_DE_d.min,4,1,852527,3132,390809422,19816603,-1
general/natural/road/road_paths_02_DE_d.min,4,2,1042467,3093,195404711,14860510,-1
general/natural/road/road_paths_02_DE_d.min,4,3,960688,3119,97702355,9304657,-1
general/natural/road/road_paths_02_DE_d.min,4,4,778746,3141,48851177,4463583,-1
general/natural/road/road_paths_02_DE_d.min,4,5,1268156,3085,24425588,1947343,-1
general/natural/road/road_paths_02_DE_d.min,4,6,1247528,3155,12212794,1417764,-1
general/natural/road/road_paths_02_DE_d.min,4,7,984684,3123,6106397,1314002,-1
general/natural/road/road_paths_02_DE_d.min,4,8,891407,3201,3053198,1296538,-1
general/natural/road/road_paths_02_DE_d.min,4,9,490201,3141,1526599,1294332,-1
general/natural/road/road_paths_02_DE_d.min,4,10,365696,3093,763299,1294078,-1
general/natural/road/road_paths_02_DE_d.min,4,11,658388,3174,381649,1294041,-1
general/natural/road/road_paths_02_DE_d.min,4,12,518636,3157,190824,1294012,-1
general/natural/road/road_paths_02_DE_d.min,4,13,370379,3154,95412,1294013,-1
general/natural/road/road_paths_02_DE_d.min,4,14,382487,3173,47706,1294011,-1
general/natural/road/road_paths_02_DE_d.min,4,15,557564,3088,23853,1294011,-1
general/natural/road/road_paths_02_DE_d.min,4,16,524292,3150,11926,1294011,-1
general/natural/road/road_paths_02_DE_d.min,4,17,396195,3118,5963,1294011,-1
general/natural/road/road_paths_02_DE_d.min,4,18,577450,3157,2981,1294011,-1
general/natural/road/road_paths_02_DE_d.min,4,19,623623,3167,1490,1294011,-1
general/natural/road/road_paths_02_DE_d.min,4,20,489250,3172,745,1294011,-1
general/natural/road/road_paths_02_DE_d.min,4,21,374365,3201,372,1294011,-1
general/natural/road/road_paths_02_DE_d.min,4,22,597302,3115,186,1294011,-1
general/natural/road/road_paths_02_DE_d.min,4,23,292031,3110,93,1294011,-1
general/natural/road/road_paths_02_DE_d.min,4,24,593791,3223,46,1294011,-1
general/natural/road/road_paths_02_DE_d.min,4,25,443706,3139,23,1294011,-1
general/natural/road/road_paths_02_DE_d.min,4,26,520594,3166,11,1294011,-1
general/natural/road/road_paths_02_DE_d.min,4,27,527830,3178,5,1294011,-1
general/natural/road/road_paths_02_DE_d.min,4,28,665629,3219,2,1294011,-1
general/natural/road/road_paths_02_DE_c.min,0,0,645931,2960,781618844,20052299,-1
general/natural/road/road_paths_02_DE_c.min,0,1,489702,2919,390809422,19558037,-1
general/natural/road/road_paths_02_DE_c.min,0,2,606010,2920,195404711,14893057,-1
general/natural/road/road_paths_02_DE_c.min,0,3,614517,2926,97702355,9658975,-1
general/natural/road/road_paths_02_DE_c.min,0,4,611689,3085,48851177,4871013,-1
general/natural/road/road_paths_02_DE_c.min,0,5,509704,2990,24425588,2248046,-1
general/natural/road/road_paths_02_DE_c.min,0,6,516608,2979,12212794,1756561,-1
general/natural/road/road_paths_02_DE_c.min,0,7,381806,2989,6106397,1678419,-1
general/natural/road/road_paths_02_DE_c.min,0,8,404642,3168,3053198,1663246,-1
general/natural/road/road_paths_02_DE_c.min,0,9,239825,3089,1526599,1661428,-1
general/natural/road/road_paths_02_DE_c.min,0,10,333921,3372,763299,1661319,-1
general/natural/road/road_paths_02_DE_c.min,0,11,311545,3020,381649,1661273,-1
general/natural/road/road_paths_02_DE_c.min,0,12,275523,2989,190824,1661267,-1
general/natural/road/road_paths_02_DE_c.min,0,13,171062,3013,95412,1661266,-1
general/natural/road/road_paths_02_DE_c.min,0,14,225315,2939,47706,1661266,-1
general/natural/road/road_paths_02_DE_c.min,0,15,304765,2970,23853,1661266,-1
general/natural/road/road_paths_02_DE_c.min,0,16,291904,3078,11926,1661266,-1
general/natural/road/road_paths_02_DE_c.min,0,17,220520,3011,5963,1661266,-1
general/natural/road/road_paths_02_DE_c.min,0,18,281028,2989,2981,1661266,-1
general/natural/road/road_paths_02_DE_c.min,0,19,248671,2975,1490,1661266,-1
general/natural/road/road_paths_02_DE_c.min,0,20,241982,3096,745,1661266,-1
general/natural/road/road_paths_02_DE_c.min,0,21,238009,3046,372,1661266,-1
general/natural/road/road_paths_02_DE_c.min,0,22,176488,2957,186,1661266,-1
general/natural/road/road_paths_02_DE_c.min,0,23,220498,2975,93,1661266,-1
general/natural/road/road_paths_02_DE_c.min,0,24,224063,3061,46,1661266,-1
general/natural/road/road_paths_02_DE_c.min,0,25,188929,2969,23,1661266,-1
general/natural/road/road_paths_02_DE_c.min,0,26,257340,3024,11,1661266,-1
general/natural/road/road_paths_02_DE_c.min,0,27,238775,2987,5,1661266,-1
general/natural/road/road_paths_02_DE_c.min,0,28,259781,2974,2,1661266,-1
general/natural/road/road_paths_02_DE_c.min,1,0,568433,2940,781618844,20052299,-1
general/natural/road/road_paths_02_DE_c.min,1,1,486117,2882,390809422,19558037,-1
general/natural/road/road_paths_02_DE_c.min,1,2,605012,2952,195404711,14893057,-1
general/natural/road/road_paths_02_DE_c.min,1,3,615675,3085,97702355,9658975,-1
general/natural/road/road_paths_02_DE_c.min,1,4,613816,3161,48851177,4871013,-1
general/natural/road/road_paths_02_DE_c.min,1,5,511252,3045,24425588,2248046,-1
general/natural/road/road_paths_02_DE_c.min,1,6,518044,2895,12212794,1756561,-1
general/natural/road/road_paths_02_DE_c.min,1,7,382024,3044,6106397,1678419,-1
general/natural/road/road_paths_02_DE_c.min,1,8,401890,2973,3053198,1663246,-1
general/natural/road/road_paths_02_DE_c.min,1,9,237942,3015,1526599,1661428,-1
general/natural/road/road_paths_02_DE_c.min,1,10,333499,3066,763299,1661319,-1
general/natural/road/road_paths_02_DE_c.min,1,11,312218,3036,381649,1661273,-1
general/natural/road/road_paths_02_DE_c.min,1,12,275853,2934,190824,1661267,-1
general/natural/road/road_paths_02_DE_c.min,1,13,170919,3005,95412,1661266,-1
general/natural/road/road_paths_02_DE_c.min,1,14,226138,3031,47706,1661266,-1
general/natural/road/road_paths_02_DE_c.min,1,15,304912,2955,23853,1661266,-1
general/natural/road/road_paths_02_DE_c.min,1,16,291156,2949,11926,1661266,-1
general/natural/road/road_paths_02_DE_c.min,1,17,221254,2954,5963,1661266,-1
general/natural/road/road_paths_02_DE_c.min,1,18,282238,3035,2981,1661266,-1
general/natural/road/road_paths_02_DE_c.min,1,19,249045,3018,1490,1661266,-1
general/natural/road/road_paths_02_DE_c.min,1,20,240493,2943,745,1661266,-1
general/natural/road/road_paths_02_DE_c.min,1,21,238400,3022,372,1661266,-1
general/natural/road/road_paths_02_DE_c.min,1,22,177943,3226,186,1661266,-1
general/natural/road/road_paths_02_DE_c.min,1,23,221112,2959,93,1661266,-1
general/natural/road/road_paths_02_DE_c.min,1,24,224304,2937,46,1661266,-1
general/natural/road/road_paths_02_DE_c.min,1,25,189368,3008,23,1661266,-1
general/natural/road/road_paths_02_DE_c.min,1,26,258112,2974,11,1661266,-1
general/natural/road/road_paths_02_DE_c.min,1,27,239120,2998,5,1661266,-1
general/natural/road/road_paths_02_DE_c.min,1,28,259864,2958,2,1661266,-1
general/natural/road/road_paths_02_DE_c.min,2,0,656305,2978,781618844,20052299,-1
general/natural/road/road_paths_02_DE_c.min,2,1,486526,2981,390809422,19558037,-1
general/natural/road/road_paths_02_DE_c.min,2,2,606826,2941,195404711,14893057,-1
general/natural/road/road_paths_02_DE_c.min,2,3,612909,2934,97702355,9658975,-1
general/natural/road/road_paths_02_DE_c.min,2,4,612204,3055,48851177,4871013,-1
general/natural/road/road_paths_02_DE_c.min,2,5,509641,2924,24425588,2248046,-1
general/natural/road/road_paths_02_DE_c.min,2,6,518010,2999,12212794,1756561,-1
general/natural/road/road_paths_02_DE_c.min,2,7,380118,3007,6106397,1678419,-1
general/natural/road/road_paths_02_DE_c.min,2,8,400173,3171,3053198,1663246,-1
general/natural/road/road_paths_02_DE_c.min,2,9,237695,2984,1526599,1661428,-1
general/natural/road/road_paths_02_DE_c.min,2,10,330749,2987,763299,1661319,-1
general/natural/road/road_paths_02_DE_c.min,2,11,310536,3052,381649,1661273,-1
general/natural/road/road_paths_02_DE_c.min,2,12,278893,3122,190824,1661267,-1
general/natural/road/road_paths_02_DE_c.min,2,13,170013,3051,95412,1661266,-1
general/natural/road/road_paths_02_DE_c.min,2,14,224222,3005,47706,1661266,-1
general/natural/road/road_paths_02_DE_c.min,2,15,303398,3017,23853,1661266,-1
general/natural/road/road_paths_02_DE_c.min,2,16,290134,3095,11926,1661266,-1
general/natural/road/road_paths_02_DE_c.min,2,17,220663,3007,5963,1661266,-1
general/natural/road/road_paths_02_DE_c.min,2,18,279518,3013,2981,1661266,-1
general/natural/road/road_paths_02_DE_c.min,2,19,248441,3060,1490,1661266,-1
general/natural/road/road_paths_02_DE_c.min,2,20,239689,3018,745,1661266,-1
general/natural/road/road_paths_02_DE_c.min,2,21,235839,2996,372,1661266,-1
general/natural/road/road_paths_02_DE_c.min,2,22,175582,2993,186,1661266,-1
general/natural/road/road_paths_02_DE_c.min,2,23,219576,3049,93,1661266,-1
general/natural/road/road_paths_02_DE_c.min,2,24,222577,3131,46,1661266,-1
general/natural/road/road_paths_02_DE_c.min,2,25,188403,3006,23,1661266,-1
general/natural/road/road_paths_02_DE_c.min,2,26,255126,3038,11,1661266,-1
general/natural/road/road_paths_02_DE_c.min,2,27,237007,3007,5,1661266,-1
general/natural/road/road_paths_02_DE_c.min,2,28,258508,3195,2,1661266,-1
general/natural/road/road_paths_02_DE_c.min,3,0,646810,2919,781618844,20052299,-1
general/natural/road/road_paths_02_DE_c.min,3,1,489693,2887,390809422,19558037,-1
general/natural/road/road_paths_02_DE_c.min,3,2,607890,2873,195404711,14893057,-1
general/natural/road/road_paths_02_DE_c.min,3,3,614774,2959,97702355,9658975,-1
general/natural/road/road_paths_02_DE_c.min,3,4,609533,3041,48851177,4871013,-1
general/natural/road/road_paths_02_DE_c.min,3,5,508896,2891,24425588,2248046,-1
general/natural/road/road_paths_02_DE_c.min,3,6,513549,2877,12212794,1756561,-1
general/natural/road/road_paths_02_DE_c.min,3,7,381239,2980,6106397,1678419,-1
general/natural/road/road_paths_02_DE_c.min,3,8,401904,2983,3053198,1663246,-1
general/natural/road/road_paths_02_DE_c.min,3,9,237842,2949,1526599,1661428,-1
general/natural/road/road_paths_02_DE_c.min,3,10,335302,3099,763299,1661319,-1
general/natural/road/road_paths_02_DE_c.min,3,11,312359,2941,381649,1661273,-1
general/natural/road/road_paths_02_DE_c.min,3,12,275794,2986,190824,1661267,-1
general/natural/road/road_paths_02_DE_c.min,3,13,171129,3111,95412,1661266,-1
general/natural/road/road_paths_02_DE_c.min,3,14,226422,2957,47706,1661266,-1
general/natural/road/road_paths_02_DE_c.min,3,15,305909,3000,23853,1661266,-1
general/natural/road/road_paths_02_DE_c.min,3,16,291464,2919,11926,1661266,-1
general/natural/road/road_paths_02_DE_c.min,3,17,220095,2987,5963,1661266,-1
general/natural/road/road_paths_02_DE_c.min,3,18,281481,3010,2981,1661266,-1
general/natural/road/road_paths_02_DE_c.min,3,19,247995,2980,1490,1661266,-1
general/natural/road/road_paths_02_DE_c.min,3,20,241498,2957,745,1661266,-1
general/natural/road/road_paths_02_DE_c.min,3,21,238278,3042,372,1661266,-1
general/natural/road/road_paths_02_DE_c.min,3,22,176264,2961,186,1661266,-1
general/natural/road/road_paths_02_DE_c.min,3,23,221042,2959,93,1661266,-1
general/natural/road/road_paths_02_DE_c.min,3,24,223416,3018,46,1661266,-1
general/natural/road/road_paths_02_DE_c.min,3,25,188706,3014,23,1661266,-1
general/natural/road/road_paths_02_DE_c.min,3,26,259102,3026,11,1661266,-1
general/natural/road/road_paths_02_DE_c.min,3,27,239481,2948,5,1661266,-1
general/natural/road/road_paths_02_DE_c.min,3,28,262590,3442,2,1661266,-1
general/natural/road/road_paths_02_DE_c.min,4,0,628584,2935,781618844,20052299,-1
general/natural/road/road_paths_02_DE_c.min,4,1,495952,2871,390809422,19558037,-1
general/natural/road/road_paths_02_DE_c.min,4,2,612954,2870,195404711,14893057,-1
general/natural/road/road_paths_02_DE_c.min,4,3,614399,2898,97702355,9658975,-1
general/natural/road/road_paths_02_DE_c.min,4,4,609143,2940,48851177,4871013,-1
general/natural/road/road_paths_02_DE_c.min,4,5,504912,2938,24425588,2248046,-1
general/natural/road/road_paths_02_DE_c.min,4,6,511491,2932,12212794,1756561,-1
general/natural/road/road_paths_02_DE_c.min,4,7,379152,2942,6106397,1678419,-1
general/natural/road/road_paths_02_DE_c.min,4,8,401826,3042,3053198,1663246,-1
general/natural/road/road_paths_02_DE_c.min,4,9,236836,2953,1526599,1661428,-1
general/natural/road/road_paths_02_DE_c.min,4,10,333129,2953,763299,1661319,-1
general/natural/road/road_paths_02_DE_c.min,4,11,310791,3049,381649,1661273,-1
general/natural/road/road_paths_02_DE_c.min,4,12,274566,2946,190824,1661267,-1
general/natural/road/road_paths_02_DE_c.min,4,13,172154,2990,95412,1661266,-1
general/natural/road/road_paths_02_DE_c.min,4,14,226815,3048,47706,1661266,-1
general/natural/road/road_paths_02_DE_c.min,4,15,306899,3047,23853,1661266,-1
general/natural/road/road_paths_02_DE_c.min,4,16,292338,2934,11926,1661266,-1
general/natural/road/road_paths_02_DE_c.min,4,17,220195,3085,5963,1661266,-1
general/natural/road/road_paths_02_DE_c.min,4,18,281359,2995,2981,1661266,-1
general/natural/road/road_paths_02_DE_c.min,4,19,247024,3007,1490,1661266,-1
general/natural/road/road_paths_02_DE_c.min,4,20,241661,3011,745,1661266,-1
general/natural/road/road_paths_02_DE_c.min,4,21,238899,3172,372,1661266,-1
general/natural/road/road_paths_02_DE_c.min,4,22,176270,2978,186,1661266,-1
general/natural/road/road_paths_02_DE_c.min,4,23,220846,2979,93,1661266,-1
general/natural/road/road_paths_02_DE_c.min,4,24,224116,2972,46,1661266,-1
general/natural/road/road_paths_02_DE_c.min,4,25,188112,2978,23,1661266,-1
general/natural/road/road_paths_02_DE_c.min,4,26,258081,2973,11,1661266,-1
general/natural/road/road_paths_02_DE_c.min,4,27,239470,3026,5,1661266,-1
general/natural/road/road_paths_02_DE_c.min,4,28,260386,3036,2,1661266,-1
general/natural/road/road_paths_02_DE_e.min,0,0,370784,3388,781618844,16908364,-1
general/natural/road/road_paths_02_DE_e.min,0,1,572904,2964,390809422,19929368,-1
general/natural/road/road_paths_02_DE_e.min,0,2,729703,2929,195404711,15313385,-1
general/natural/road/road_paths_02_DE_e.min,0,3,537890,3014,97702355,9336679,-1
general/natural/road/road_paths_02_DE_e.min,0,4,501976,2972,48851177,4535805,-1
general/natural/road/road_paths_02_DE_e.min,0,5,713955,2980,24425588,1977938,-1
general/natural/road/road_paths_02_DE_e.min,0,6,627238,3035,12212794,1446334,-1
general/natural/road/road_paths_02_DE_e.min,0,7,670316,2950,6106397,1359460,-1
general/natural/road/road_paths_02_DE_e.min,0,8,726428,2969,3053198,1342576,-1
general/natural/road/road_paths_02_DE_e.min,0,9,595664,3120,1526599,1340744,-1
general/natural/road/road_paths_02_DE_e.min,0,10,567826,3237,763299,1340148,-1
general/natural/road/road_paths_02_DE_e.min,0,11,580505,2998,381649,1340076,-1
general/natural/road/road_paths_02_DE_e.min,0,12,419296,2975,190824,1340063,-1
general/natural/road/road_paths_02_DE_e.min,0,13,159339,2895,95412,1340059,-1
general/natural/road/road_paths_02_DE_e.min,0,14,330209,2996,47706,1340058,-1
general/natural/road/road_paths_02_DE_e.min,0,15,391669,2981,23853,1340058,-1
general/natural/road/road_paths_02_DE_e.min,0,16,516710,3079,11926,1340058,-1
general/natural/road/road_paths_02_DE_e.min,0,17,309699,2989,5963,1340058,-1
general/natural/road/road_paths_02_DE_e.min,0,18,487380,2991,2981,1340058,-1
general/natural/road/road_paths_02_DE_e.min,0,19,424778,3013,1490,1340058,-1
general/natural/road/road_paths_02_DE_e.min,0,20,379324,2969,745,1340058,-1
general/natural/road/road_paths_02_DE_e.min,0,21,403271,3065,372,1340058,-1
general/natural/road/road_paths_02_DE_e.min,0,22,334411,2939,186,1340058,-1
general/natural/road/road_paths_02_DE_e.min,0,23,208339,3009,93,1340058,-1
general/natural/road/road_paths_02_DE_e.min,0,24,382461,3507,46,1340058,-1
general/natural/road/road_paths_02_DE_e.min,0,25,390101,3032,23,1340058,-1
general/natural/road/road_paths_02_DE_e.min,0,26,338046,3051,11,1340058,-1
general/natural/road/road_paths_02_DE_e.min,0,27,398850,3024,5,1340058,-1
general/natural/road/road_paths_02_DE_e.min,0,28,495958,2977,2,1340058,-1
general/natural/road/road_paths_02_DE_e.min,1,0,362199,3503,781618844,16908364,-1
general/natural/road/road_paths_02_DE_e.min,1,1,585846,2895,390809422,19929368,-1
general/natural/road/road_paths_02_DE_e.min,1,2,731738,2941,195404711,15313385,-1
general/natural/road/road_paths_02_DE_e.min,1,3,536446,3008,97702355,9336679,-1
general/natural/road/road_paths_02_DE_e.min,1,4,501779,2970,48851177,4535805,-1
general/natural/road/road_paths_02_DE_e.min,1,5,713624,3030,24425588,1977938,-1
general/natural/road/road_paths_02_DE_e.min,1,6,627552,2934,12212794,1446334,-1
general/natural/road/road_paths_02_DE_e.min,1,7,676385,2928,6106397,1359460,-1
general/natural/road/road_paths_02_DE_e.min,1,8,731527,2997,3053198,1342576,-1
general/natural/road/road_paths_02_DE_e.min,1,9,597127,2995,1526599,1340744,-1
general/natural/road/road_paths_02_DE_e.min,1,10,550295,2988,763299,1340148,-1
general/natural/road/road_paths_02_DE_e.min,1,11,577964,2931,381649,1340076,-1
general/natural/road/road_paths_02_DE_e.min,1,12,418412,2967,190824,1340063,-1
general/natural/road/road_paths_02_DE_e.min,1,13,159410,2908,95412,1340059,-1
general/natural/road/road_paths_02_DE_e.min,1,14,331025,2964,47706,1340058,-1
general/natural/road/road_paths_02_DE_e.min,1,15,391932,3025,23853,1340058,-1
general/natural/road/road_paths_02_DE_e.min,1,16,517688,3041,11926,1340058,-1
general/natural/road/road_paths_02_DE_e.min,1,17,311332,3054,5963,1340058,-1
general/natural/road/road_paths_02_DE_e.min,1,18,489660,3011,2981,1340058,-1
general/natural/road/road_paths_02_DE_e.min,1,19,426659,2985,1490,1340058,-1
general/natural/road/road_paths_02_DE_e.min,1,20,378600,3096,745,1340058,-1
general/natural/road/road_paths_02_DE_e.min,1,21,406135,3062,372,1340058,-1
general/natural/road/road_paths_02_DE_e.min,1,22,335209,2997,186,1340058,-1
general/natural/road/road_paths_02_DE_e.min,1,23,208107,3028,93,1340058,-1
general/natural/road/road_paths_02_DE_e.min,1,24,386207,3002,46,1340058,-1
general/natural/road/road_paths_02_DE_e.min,1,25,390791,3054,23,1340058,-1
general/natural/road/road_paths_02_DE_e.min,1,26,341519,2972,11,1340058,-1
general/natural/road/road_paths_02_DE_e.min,1,27,399782,2972,5,1340058,-1
general/natural/road/road_paths_02_DE_e.min,1,28,497428,3020,2,1340058,-1
general/natural/road/road_paths_02_DE_e.min,2,0,362894,3344,781618844,16908364,-1
general/natural/road/road_paths_02_DE_e.min,2,1,576466,2889,390809422,19929368,-1
general/natural/road/road_paths_02_DE_e.min,2,2,728171,3040,195404711,15313385,-1
general/natural/road/road_paths_02_DE_e.min,2,3,534437,2973,97702355,9336679,-1
general/natural/road/road_paths_02_DE_e.min,2,4,501352,3007,48851177,4535805,-1
general/natural/road/road_paths_02_DE_e.min,2,5,712218,2951,24425588,1977938,-1
general/natural/road/road_paths_02_DE_e.min,2,6,627365,2951,12212794,1446334,-1
general/natural/road/road_paths_02_DE_e.min,2,7,675921,3022,6106397,1359460,-1
general/natural/road/road_paths_02_DE_e.min,2,8,729261,3010,3053198,1342576,-1
general/natural/road/road_paths_02_DE_e.min,2,9,597275,2944,1526599,1340744,-1
general/natural/road/road_paths_02_DE_e.min,2,10,550317,3019,763299,1340148,-1
general/natural/road/road_paths_02_DE_e.min,2,11,578767,2942,381649,1340076,-1
general/natural/road/road_paths_02_DE_e.min,2,12,420555,2947,190824,1340063,-1
general/natural/road/road_paths_02_DE_e.min,2,13,160600,2900,95412,1340059,-1
general/natural/road/road_paths_02_DE_e.min,2,14,331062,2943,47706,1340058,-1
general/natural/road/road_paths_02_DE_e.min,2,15,391616,3007,23853,1340058,-1
general/natural/road/road_paths_02_DE_e.min,2,16,516155,2977,11926,1340058,-1
general/natural/road/road_paths_02_DE_e.min,2,17,310121,2956,5963,1340058,-1
general/natural/road/road_paths_02_DE_e.min,2,18,489056,2976,2981,1340058,-1
general/natural/road/road_paths_02_DE_e.min,2,19,424690,3049,1490,1340058,-1
general/natural/road/road_paths_02_DE_e.min,2,20,377793,3073,745,1340058,-1
general/natural/road/road_paths_02_DE_e.min,2,21,405371,3188,372,1340058,-1
general/natural/road/road_paths_02_DE_e.min,2,22,334449,3026,186,1340058,-1
general/natural/road/road_paths_02_DE_e.min,2,23,209035,3044,93,1340058,-1
general/natural/road/road_paths_02_DE_e.min,2,24,384876,3027,46,1340058,-1
general/natural/road/road_paths_02_DE_e.min,2,25,389309,2942,23,1340058,-1
general/natural/road/road_paths_02_DE_e.min,2,26,340240,3074,11,1340058,-1
general/natural/road/road_paths_02_DE_e.min,2,27,398655,2974,5,1340058,-1
general/natural/road/road_paths_02_DE_e.min,2,28,496854,3056,2,1340058,-1
general/natural/road/road_paths_02_DE_e.min,3,0,317304,2947,781618844,16908364,-1
general/natural/road/road_paths_02_DE_e.min,3,1,552654,2898,390809422,19929368,-1
general/natural/road/road_paths_02_DE_e.min,3,2,733699,2938,195404711,15313385,-1
general/natural/road/road_paths_02_DE_e.min,3,3,539630,3083,97702355,9336679,-1
general/natural/road/road_paths_02_DE_e.min,3,4,504235,2998,48851177,4535805,-1
general/natural/road/road_paths_02_DE_e.min,3,5,717863,2974,24425588,1977938,-1
general/natural/road/road_paths_02_DE_e.min,3,6,633410,2983,12212794,1446334,-1
general/natural/road/road_paths_02_DE_e.min,3,7,677078,2963,6106397,1359460,-1
general/natural/road/road_paths_02_DE_e.min,3,8,733307,2982,3053198,1342576,-1
general/natural/road/road_paths_02_DE_e.min,3,9,598022,2940,1526599,1340744,-1
general/natural/road/road_paths_02_DE_e.min,3,10,552447,2970,763299,1340148,-1
general/natural/road/road_paths_02_DE_e.min,3,11,585879,3055,381649,1340076,-1
general/natural/road/road_paths_02_DE_e.min,3,12,424398,2937,190824,1340063,-1
general/natural/road/road_paths_02_DE_e.min,3,13,161481,2931,95412,1340059,-1
general/natural/road/road_paths_02_DE_e.min,3,14,333474,2999,47706,1340058,-1
general/natural/road/road_paths_02_DE_e.min,3,15,394495,2962,23853,1340058,-1
general/natural/road/road_paths_02_DE_e.min,3,16,524123,3003,11926,1340058,-1
general/natural/road/road_paths_02_DE_e.min,3,17,313743,2985,5963,1340058,-1
general/natural/road/road_paths_02_DE_e.min,3,18,491495,3033,2981,1340058,-1
general/natural/road/road_paths_02_DE_e.min,3,19,428440,3021,1490,1340058,-1
general/natural/road/road_paths_02_DE_e.min,3,20,382855,2976,745,1340058,-1
general/natural/road/road_paths_02_DE_e.min,3,21,407517,3157,372,1340058,-1
general/natural/road/road_paths_02_DE_e.min,3,22,336963,2936,186,1340058,-1
general/natural/road/road_paths_02_DE_e.min,3,23,210755,3010,93,1340058,-1
general/natural/road/road_paths_02_DE_e.min,3,24,385598,3033,46,1340058,-1
general/natural/road/road_paths_02_DE_e.min,3,25,392754,3043,23,1340058,-1
general/natural/road/road_paths_02_DE_e.min,3,26,340428,2976,11,1340058,-1
general/natural/road/road_paths_02_DE_e.min,3,27,401193,3057,5,1340058,-1
general/natural/road/road_paths_02_DE_e.min,3,28,499654,2969,2,1340058,-1
general/natural/road/road_paths_02_DE_e.min,4,0,376602,3436,781618844,16908364,-1
general/natural/road/road_paths_02_DE_e.min,4,1,576316,2969,390809422,19929368,-1
general/natural/road/road_paths_02_DE_e.min,4,2,729369,2948,195404711,15313385,-1
general/natural/road/road_paths_02_DE_e.min,4,3,536328,2968,97702355,9336679,-1
general/natural/road/road_paths_02_DE_e.min,4,4,503938,2944,48851177,4535805,-1
general/natural/road/road_paths_02_DE_e.min,4,5,716010,3064,24425588,1977938,-1
general/natural/road/road_paths_02_DE_e.min,4,6,635248,3170,12212794,1446334,-1
general/natural/road/road_paths_02_DE_e.min,4,7,674292,3010,6106397,1359460,-1
general/natural/road/road_paths_02_DE_e.min,4,8,725289,3061,3053198,1342576,-1
general/natural/road/road_paths_02_DE_e.min,4,9,594395,2963,1526599,1340744,-1
general/natural/road/road_paths_02_DE_e.min,4,10,550322,3040,763299,1340148,-1
general/natural/road/road_paths_02_DE_e.min,4,11,583742,3006,381649,1340076,-1
general/natural/road/road_paths_02_DE_e.min,4,12,422643,2963,190824,1340063,-1
general/natural/road/road_paths_02_DE_e.min,4,13,160335,2924,95412,1340059,-1
general/natural/road/road_paths_02_DE_e.min,4,14,331885,2953,47706,1340058,-1
general/natural/road/road_paths_02_DE_e.min,4,15,393179,3072,23853,1340058,-1
general/natural/road/road_paths_02_DE_e.min,4,16,518965,3008,11926,1340058,-1
general/natural/road/road_paths_02_DE_e.min,4,17,311663,3473,5963,1340058,-1
general/natural/road/road_paths_02_DE_e.min,4,18,487768,2976,2981,1340058,-1
general/natural/road/road_paths_02_DE_e.min,4,19,427613,3017,1490,1340058,-1
general/natural/road/road_paths_02_DE_e.min,4,20,381246,3005,745,1340058,-1
general/natural/road/road_paths_02_DE_e.min,4,21,405938,3068,372,1340058,-1
general/natural/road/road_paths_02_DE_e.min,4,22,335319,3054,186,1340058,-1
general/natural/road/road_paths_02_DE_e.min,4,23,209773,3041,93,1340058,-1
general/natural/road/road_paths_02_DE_e.min,4,24,383421,3002,46,1340058,-1
general/natural/road/road_paths_02_DE_e.min,4,25,390796,3128,23,1340058,-1
general/natural/road/road_paths_02_DE_e.min,4,26,338756,3018,11,1340058,-1
general/natural/road/road_paths_02_DE_e.min,4,27,399989,3080,5,1340058,-1
general/natural/road/road_paths_02_DE_e.min,4,28,500657,3091,2,1340058,-1
general/natural/road/road_paths_02_DE_a.min,0,0,519428,3457,781618844,20415370,-1
general/natural/road/road_paths_02_DE_a.min,0,1,421703,2931,390809422,19682158,-1
general/natural/road/road_paths_02_DE_a.min,0,2,583565,3012,195404711,15558683,-1
general/natural/road/road_paths_02_DE_a.min,0,3,534375,3029,97702355,10304168,-1
general/natural/road/road_paths_02_DE_a.min,0,4,460505,3041,48851177,5771606,-1
general/natural/road/road_paths_02_DE_a.min,0,5,418398,3061,24425588,3340612,-1
general/natural/road/road_paths_02_DE_a.min,0,6,368548,3070,12212794,2878981,-1
general/natural/road/road_paths_02_DE_a.min,0,7,345246,3033,6106397,2797157,-1
general/natural/road/road_paths_02_DE_a.min,0,8,280871,3071,3053198,2778925,-1
general/natural/road/road_paths_02_DE_a.min,0,9,213308,3021,1526599,2777071,-1
general/natural/road/road_paths_02_DE_a.min,0,10,250731,3058,763299,2776576,-1
general/natural/road/road_paths_02_DE_a.min,0,11,283362,3114,381649,2776486,-1
general/natural/road/road_paths_02_DE_a.min,0,12,208359,3027,190824,2776471,-1
general/natural/road/road_paths_02_DE_a.min,0,13,120409,3022,95412,2776452,-1
general/natural/road/road_paths_02_DE_a.min,0,14,180749,3028,47706,2776450,-1
general/natural/road/road_paths_02_DE_a.min,0,15,242634,3063,23853,2776450,-1
general/natural/road/road_paths_02_DE_a.min,0,16,189768,3059,11926,2776450,-1
general/natural/road/road_paths_02_DE_a.min,0,17,213569,3090,5963,2776450,-1
general/natural/road/road_paths_02_DE_a.min,0,18,178304,3063,2981,2776450,-1
general/natural/road/road_paths_02_DE_a.min,0,19,167642,3045,1490,2776450,-1
general/natural/road/road_paths_02_DE_a.min,0,20,157136,3106,745,2776450,-1
general/natural/road/road_paths_02_DE_a.min,0,21,159681,3040,372,2776450,-1
general/natural/road/road_paths_02_DE_a.min,0,22,138887,3115,186,2776450,-1
general/natural/road/road_paths_02_DE_a.min,0,23,123370,3090,93,2776450,-1
general/natural/road/road_paths_02_DE_a.min,0,24,169459,3042,46,2776450,-1
general/natural/road/road_paths_02_DE_a.min,0,25,128230,3041,23,2776450,-1
general/natural/road/road_paths_02_DE_a.min,0,26,188722,3125,11,2776450,-1
general/natural/road/road_paths_02_DE_a.min,0,27,161610,3045,5,2776450,-1
general/natural/road/road_paths_02_DE_a.min,0,28,171258,3062,2,2776450,-1
general/natural/road/road_paths_02_DE_a.min,1,0,519956,3422,781618844,20415370,-1
general/natural/road/road_paths_02_DE_a.min,1,1,419768,2956,390809422,19682158,-1
general/natural/road/road_paths_02_DE_a.min,1,2,579952,3028,195404711,15558683,-1
general/natural/road/road_paths_02_DE_a.min,1,3,529416,3005,97702355,10304168,-1
general/natural/road/road_paths_02_DE_a.min,1,4,458161,3021,48851177,5771606,-1
general/natural/road/road_paths_02_DE_a.min,1,5,412835,2996,24425588,3340612,-1
general/natural/road/road_paths_02_DE_a.min,1,6,365739,3070,12212794,2878981,-1
general/natural/road/road_paths_02_DE_a.min,1,7,345754,3026,6106397,2797157,-1
general/natural/road/road_paths_02_DE_a.min,1,8,278913,3021,3053198,2778925,-1
general/natural/road/road_paths_02_DE_a.min,1,9,213069,3018,1526599,2777071,-1
general/natural/road/road_paths_02_DE_a.min,1,10,250599,3270,763299,2776576,-1
general/natural/road/road_paths_02_DE_a.min,1,11,281543,3025,381649,2776486,-1
general/natural/road/road_paths_02_DE_a.min,1,12,207347,3023,190824,2776471,-1
general/natural/road/road_paths_02_DE_a.min,1,13,119401,2993,95412,2776452,-1
general/natural/road/road_paths_02_DE_a.min,1,14,180219,3019,47706,2776450,-1
general/natural/road/road_paths_02_DE_a.min,1,15,242569,3126,23853,2776450,-1
general/natural/road/road_paths_02_DE_a.min,1,16,189049,3022,11926,2776450,-1
general/natural/road/road_paths_02_DE_a.min,1,17,213419,3024,5963,2776450,-1
general/natural/road/road_paths_02_DE_a.min,1,18,178284,3099,2981,2776450,-1
general/natural/road/road_paths_02_DE_a.min,1,19,167290,3017,1490,2776450,-1
general/natural/road/road_paths_02_DE_a.min,1,20,157365,3237,745,2776450,-1
general/natural/road/road_paths_02_DE_a.min,1,21,160223,3049,372,2776450,-1
general/natural/road/road_paths_02_DE_a.min,1,22,139322,3051,186,2776450,-1
general/natural/road/road_paths_02_DE_a.min,1,23,123914,3019,93,2776450,-1
general/natural/road/road_paths_02_DE_a.min,1,24,170029,3079,46,2776450,-1
general/natural/road/road_paths_02_DE_a.min,1,25,128395,3045,23,2776450,-1
general/natural/road/road_paths_02_DE_a.min,1,26,188719,3060,11,2776450,-1
general/natural/road/road_paths_02_DE_a.min,1,27,162528,3122,5,2776450,-1
general/natural/road/road_paths_02_DE_a.min,1,28,171694,3017,2,2776450,-1
general/natural/road/road_paths_02_DE_a.min,2,0,525854,3461,781618844,20415370,-1
general/natural/road/road_paths_02_DE_a.min,2,1,420541,2964,390809422,19682158,-1
general/natural/road/road_paths_02_DE_a.min,2,2,584120,3076,195404711,15558683,-1
general/natural/road/road_paths_02_DE_a.min,2,3,533733,3036,97702355,10304168,-1
general/natural/road/road_paths_02_DE_a.min,2,4,461342,3049,48851177,5771606,-1
general/natural/road/road_paths_02_DE_a.min,2,5,412479,3030,24425588,3340612,-1
general/natural/road/road_paths_02_DE_a.min,2,6,365392,3061,12212794,2878981,-1
general/natural/road/road_paths_02_DE_a.min,2,7,347581,3030,6106397,2797157,-1
general/natural/road/road_paths_02_DE_a.min,2,8,282243,3080,3053198,2778925,-1
general/natural/road/road_paths_02_DE_a.min,2,9,216220,3122,1526599,2777071,-1
general/natural/road/road_paths_02_DE_a.min,2,10,251308,3031,763299,2776576,-1
general/natural/road/road_paths_02_DE_a.min,2,11,283664,3075,381649,2776486,-1
general/natural/road/road_paths_02_DE_a.min,2,12,209601,3033,190824,2776471,-1
general/natural/road/road_paths_02_DE_a.min,2,13,119763,3052,95412,2776452,-1
general/natural/road/road_paths_02_DE_a.min,2,14,183081,3122,47706,2776450,-1
general/natural/road/road_paths_02_DE_a.min,2,15,243885,3051,23853,2776450,-1
general/natural/road/road_paths_02_DE_a.min,2,16,192138,3047,11926,2776450,-1
general/natural/road/road_paths_02_DE_a.min,2,17,215270,3092,5963,2776450,-1
general/natural/road/road_paths_02_DE_a.min,2,18,179932,3025,2981,2776450,-1
general/natural/road/road_paths_02_DE_a.min,2,19,170132,3079,1490,2776450,-1
general/natural/road/road_paths_02_DE_a.min,2,20,157599,3065,745,2776450,-1
general/natural/road/road_paths_02_DE_a.min,2,21,161278,3033,372,2776450,-1
general/natural/road/road_paths_02_DE_a.min,2,22,139911,3090,186,2776450,-1
general/natural/road/road_paths_02_DE_a.min,2,23,124349,3047,93,2776450,-1
general/natural/road/road_paths_02_DE_a.min,2,24,171611,3107,46,2776450,-1
general/natural/road/road_paths_02_DE_a.min,2,25,129969,3144,23,2776450,-1
general/natural/road/road_paths_02_DE_a.min,2,26,190184,3064,11,2776450,-1
general/natural/road/road_paths_02_DE_a.min,2,27,163926,3048,5,2776450,-1
general/natural/road/road_paths_02_DE_a.min,2,28,173203,3107,2,2776450,-1
general/natural/road/road_paths_02_DE_a.min,3,0,532092,3483,781618844,20415370,-1
general/natural/road/road_paths_02_DE_a.min,3,1,418921,2959,390809422,19682158,-1
general/natural/road/road_paths_02_DE_a.min,3,2,584141,3041,195404711,15558683,-1
general/natural/road/road_paths_02_DE_a.min,3,3,533865,3044,97702355,10304168,-1
general/natural/road/road_paths_02_DE_a.min,3,4,461029,3045,48851177,5771606,-1
general/natural/road/road_paths_02_DE_a.min,3,5,414136,3026,24425588,3340612,-1
general/natural/road/road_paths_02_DE_a.min,3,6,366309,3019,12212794,2878981,-1
general/natural/road/road_paths_02_DE_a.min,3,7,342370,3189,6106397,2797157,-1
general/natural/road/road_paths_02_DE_a.min,3,8,280171,3046,3053198,2778925,-1
general/natural/road/road_paths_02_DE_a.min,3,9,212198,3068,1526599,2777071,-1
general/natural/road/road_paths_02_DE_a.min,3,10,249286,3058,763299,2776576,-1
general/natural/road/road_paths_02_DE_a.min,3,11,281671,3106,381649,2776486,-1
general/natural/road/road_paths_02_DE_a.min,3,12,208718,3168,190824,2776471,-1
general/natural/road/road_paths_02_DE_a.min,3,13,123940,3108,95412,2776452,-1
general/natural/road/road_paths_02_DE_a.min,3,14,186090,3095,47706,2776450,-1
general/natural/road/road_paths_02_DE_a.min,3,15,250598,3130,23853,2776450,-1
general/natural/road/road_paths_02_DE_a.min,3,16,193696,3106,11926,2776450,-1
general/natural/road/road_paths_02_DE_a.min,3,17,214139,3173,5963,2776450,-1
general/natural/road/road_paths_02_DE_a.min,3,18,177014,3086,2981,2776450,-1
general/natural/road/road_paths_02_DE_a.min,3,19,166713,3050,1490,2776450,-1
general/natural/road/road_paths_02_DE_a.min,3,20,156804,3035,745,2776450,-1
general/natural/road/road_paths_02_DE_a.min,3,21,158218,3115,372,2776450,-1
general/natural/road/road_paths_02_DE_a.min,3,22,139304,3109,186,2776450,-1
general/natural/road/road_paths_02_DE_a.min,3,23,124061,3135,93,2776450,-1
general/natural/road/road_paths_02_DE_a.min,3,24,167702,3039,46,2776450,-1
general/natural/road/road_paths_02_DE_a.min,3,25,127662,3051,23,2776450,-1
general/natural/road/road_paths_02_DE_a.min,3,26,187046,3040,11,2776450,-1
general/natural/road/road_paths_02_DE_a.min,3,27,160766,3057,5,2776450,-1
general/natural/road/road_paths_02_DE_a.min,3,28,170947,3168,2,2776450,-1
general/natural/road/road_paths_02_DE_a.min,4,0,524331,3460,781618844,20415370,-1
general/natural/road/road_paths_02_DE_a.min,4,1,424893,2938,390809422,19682158,-1
general/natural/road/road_paths_02_DE_a.min,4,2,580282,3020,195404711,15558683,-1
general/natural/road/road_paths_02_DE_a.min,4,3,528884,3121,97702355,10304168,-1
general/natural/road/road_paths_02_DE_a.min,4,4,458514,3052,48851177,5771606,-1
general/natural/road/road_paths_02_DE_a.min,4,5,409952,2987,24425588,3340612,-1
general/natural/road/road_paths_02_DE_a.min,4,6,363378,3111,12212794,2878981,-1
general/natural/road/road_paths_02_DE_a.min,4,7,345451,3015,6106397,2797157,-1
general/natural/road/road_paths_02_DE_a.min,4,8,279215,3031,3053198,2778925,-1
general/natural/road/road_paths_02_DE_a.min,4,9,213668,3014,1526599,2777071,-1
general/natural/road/road_paths_02_DE_a.min,4,10,249875,3173,763299,2776576,-1
general/natural/road/road_paths_02_DE_a.min,4,11,281051,3029,381649,2776486,-1
general/natural/road/road_paths_02_DE_a.min,4,12,207760,3001,190824,2776471,-1
general/natural/road/road_paths_02_DE_a.min,4,13,119030,3016,95412,2776452,-1
general/natural/road/road_paths_02_DE_a.min,4,14,180261,3033,47706,2776450,-1
general/natural/road/road_paths_02_DE_a.min,4,15,242508,3100,23853,2776450,-1
general/natural/road/road_paths_02_DE_a.min,4,16,189628,3031,11926,2776450,-1
general/natural/road/road_paths_02_DE_a.min,4,17,213128,3037,5963,2776450,-1
general/natural/road/road_paths_02_DE_a.min,4,18,178104,3010,2981,2776450,-1
general/natural/road/road_paths_02_DE_a.min,4,19,167582,3036,1490,2776450,-1
general/natural/road/road_paths_02_DE_a.min,4,20,156722,3045,745,2776450,-1
general/natural/road/road_paths_02_DE_a.min,4,21,160474,3192,372,2776450,-1
general/natural/road/road_paths_02_DE_a.min,4,22,138344,3037,186,2776450,-1
general/natural/road/road_paths_02_DE_a.min,4,23,123441,3026,93,2776450,-1
general/natural/road/road_paths_02_DE_a.min,4,24,169843,3056,46,2776450,-1
general/natural/road/road_paths_02_DE_a.min,4,25,128164,3044,23,2776450,-1
general/natural/road/road_paths_02_DE_a.min,4,26,188248,3076,11,2776450,-1
general/natural/road/road_paths_02_DE_a.min,4,27,161676,3105,5,2776450,-1
general/natural/road/road_paths_02_DE_a.min,4,28,170899,3048,2,2776450,-1
