test,file,iteration,algorithm_time,total_time
cs_gcc_debug,clusters/natural/google_trace/quincy/1hour/full_size_first.min,0,Timeout,Timeout
cs_clang_O1,clusters/natural/google_trace/quincy/1hour/full_size_first.min,0,Timeout,Timeout
cs_gcc_O1,clusters/natural/google_trace/quincy/1hour/full_size_first.min,0,Timeout,Timeout
cs_gcc_O0,clusters/natural/google_trace/quincy/1hour/full_size_first.min,0,Timeout,Timeout
cs_clang_O3,clusters/natural/google_trace/quincy/1hour/full_size_first.min,0,Timeout,Timeout
cs_gcc_O3,clusters/natural/google_trace/quincy/1hour/full_size_first.min,0,Timeout,Timeout
cs_clang_debug,clusters/natural/google_trace/quincy/1hour/full_size_first.min,0,Timeout,Timeout
cs_gcc_O2,clusters/natural/google_trace/quincy/1hour/full_size_first.min,0,Timeout,Timeout
cs_clang_O2,clusters/natural/google_trace/quincy/1hour/full_size_first.min,0,Timeout,Timeout
cs_clang_O0,clusters/natural/google_trace/quincy/1hour/full_size_first.min,0,Timeout,Timeout
cs_gcc_debug,clusters/natural/google_trace/quincy/1hour/small_first.min,0,2.731453,2.9202029705047607
cs_clang_O1,clusters/natural/google_trace/quincy/1hour/small_first.min,0,1.491754,1.6578314304351807
cs_gcc_O1,clusters/natural/google_trace/quincy/1hour/small_first.min,0,0.769461,0.9173657894134521
cs_gcc_O0,clusters/natural/google_trace/quincy/1hour/small_first.min,0,2.815615,3.0066003799438477
cs_clang_O3,clusters/natural/google_trace/quincy/1hour/small_first.min,0,0.713639,0.8579821586608887
cs_gcc_O3,clusters/natural/google_trace/quincy/1hour/small_first.min,0,0.613612,0.7611989974975586
cs_clang_debug,clusters/natural/google_trace/quincy/1hour/small_first.min,0,2.715739,2.895242929458618
cs_gcc_O2,clusters/natural/google_trace/quincy/1hour/small_first.min,0,0.731348,0.8798620700836182
cs_clang_O2,clusters/natural/google_trace/quincy/1hour/small_first.min,0,0.705022,0.8555638790130615
cs_clang_O0,clusters/natural/google_trace/quincy/1hour/small_first.min,0,2.768471,2.9516441822052
cs_gcc_debug,clusters/natural/google_trace/quincy/1hour/small_first.min,1,2.824988,3.0140154361724854
cs_clang_O1,clusters/natural/google_trace/quincy/1hour/small_first.min,1,1.765622,1.9271824359893799
cs_gcc_O1,clusters/natural/google_trace/quincy/1hour/small_first.min,1,0.689485,0.8358423709869385
cs_gcc_O0,clusters/natural/google_trace/quincy/1hour/small_first.min,1,2.752914,2.942471742630005
cs_clang_O3,clusters/natural/google_trace/quincy/1hour/small_first.min,1,0.715749,0.8652775287628174
cs_gcc_O3,clusters/natural/google_trace/quincy/1hour/small_first.min,1,0.677740,0.8236355781555176
cs_clang_debug,clusters/natural/google_trace/quincy/1hour/small_first.min,1,2.688516,2.8772642612457275
cs_gcc_O2,clusters/natural/google_trace/quincy/1hour/small_first.min,1,0.680993,0.8277850151062012
cs_clang_O2,clusters/natural/google_trace/quincy/1hour/small_first.min,1,0.708267,0.8603513240814209
cs_clang_O0,clusters/natural/google_trace/quincy/1hour/small_first.min,1,2.932589,3.117633581161499
cs_gcc_debug,clusters/natural/google_trace/quincy/1hour/small_first.min,2,2.803153,2.9922187328338623
cs_clang_O1,clusters/natural/google_trace/quincy/1hour/small_first.min,2,1.739810,1.9179573059082031
cs_gcc_O1,clusters/natural/google_trace/quincy/1hour/small_first.min,2,0.689310,0.8453426361083984
cs_gcc_O0,clusters/natural/google_trace/quincy/1hour/small_first.min,2,2.756690,2.9437191486358643
cs_clang_O3,clusters/natural/google_trace/quincy/1hour/small_first.min,2,0.632036,0.7775828838348389
cs_gcc_O3,clusters/natural/google_trace/quincy/1hour/small_first.min,2,0.676675,0.8210487365722656
cs_clang_debug,clusters/natural/google_trace/quincy/1hour/small_first.min,2,2.947174,3.141433000564575
cs_gcc_O2,clusters/natural/google_trace/quincy/1hour/small_first.min,2,0.730415,0.8768734931945801
cs_clang_O2,clusters/natural/google_trace/quincy/1hour/small_first.min,2,0.771220,0.9182605743408203
cs_clang_O0,clusters/natural/google_trace/quincy/1hour/small_first.min,2,2.910702,3.097513437271118
cs_gcc_debug,clusters/natural/google_trace/quincy/1hour/small_first.min,3,2.700982,2.884465217590332
cs_clang_O1,clusters/natural/google_trace/quincy/1hour/small_first.min,3,1.556745,1.7183928489685059
cs_gcc_O1,clusters/natural/google_trace/quincy/1hour/small_first.min,3,0.761109,0.9091227054595947
cs_gcc_O0,clusters/natural/google_trace/quincy/1hour/small_first.min,3,2.999677,3.184035301208496
cs_clang_O3,clusters/natural/google_trace/quincy/1hour/small_first.min,3,0.689682,0.8365998268127441
cs_gcc_O3,clusters/natural/google_trace/quincy/1hour/small_first.min,3,0.638514,0.7899904251098633
cs_clang_debug,clusters/natural/google_trace/quincy/1hour/small_first.min,3,2.623165,2.803140640258789
cs_gcc_O2,clusters/natural/google_trace/quincy/1hour/small_first.min,3,0.798875,0.9474000930786133
cs_clang_O2,clusters/natural/google_trace/quincy/1hour/small_first.min,3,0.716363,0.864201545715332
cs_clang_O0,clusters/natural/google_trace/quincy/1hour/small_first.min,3,2.779918,2.9610111713409424
cs_gcc_debug,clusters/natural/google_trace/quincy/1hour/small_first.min,4,2.722185,2.9114646911621094
cs_clang_O1,clusters/natural/google_trace/quincy/1hour/small_first.min,4,1.691898,1.8621242046356201
cs_gcc_O1,clusters/natural/google_trace/quincy/1hour/small_first.min,4,0.739213,0.9011662006378174
cs_gcc_O0,clusters/natural/google_trace/quincy/1hour/small_first.min,4,2.851207,3.0415401458740234
cs_clang_O3,clusters/natural/google_trace/quincy/1hour/small_first.min,4,0.694019,0.846510648727417
cs_gcc_O3,clusters/natural/google_trace/quincy/1hour/small_first.min,4,0.659960,0.8088164329528809
cs_clang_debug,clusters/natural/google_trace/quincy/1hour/small_first.min,4,2.699364,2.890209197998047
cs_gcc_O2,clusters/natural/google_trace/quincy/1hour/small_first.min,4,0.707328,0.8549695014953613
cs_clang_O2,clusters/natural/google_trace/quincy/1hour/small_first.min,4,0.648639,0.798220157623291
cs_clang_O0,clusters/natural/google_trace/quincy/1hour/small_first.min,4,2.757351,2.940814733505249
cs_gcc_debug,clusters/natural/google_trace/quincy/1hour/large_last.min,0,0.272569,1.8015453815460205
cs_clang_O1,clusters/natural/google_trace/quincy/1hour/large_last.min,0,0.182043,1.481982946395874
cs_gcc_O1,clusters/natural/google_trace/quincy/1hour/large_last.min,0,0.081700,1.299513339996338
cs_gcc_O0,clusters/natural/google_trace/quincy/1hour/large_last.min,0,0.271601,1.8528482913970947
cs_clang_O3,clusters/natural/google_trace/quincy/1hour/large_last.min,0,0.076157,1.2222516536712646
cs_gcc_O3,clusters/natural/google_trace/quincy/1hour/large_last.min,0,0.080480,1.2711782455444336
cs_clang_debug,clusters/natural/google_trace/quincy/1hour/large_last.min,0,0.252370,1.772670030593872
cs_gcc_O2,clusters/natural/google_trace/quincy/1hour/large_last.min,0,0.081070,1.2749392986297607
cs_clang_O2,clusters/natural/google_trace/quincy/1hour/large_last.min,0,0.082187,1.330390214920044
cs_clang_O0,clusters/natural/google_trace/quincy/1hour/large_last.min,0,0.344720,2.1356160640716553
cs_gcc_debug,clusters/natural/google_trace/quincy/1hour/large_last.min,1,0.272287,1.8959541320800781
cs_clang_O1,clusters/natural/google_trace/quincy/1hour/large_last.min,1,0.187228,1.550865888595581
cs_gcc_O1,clusters/natural/google_trace/quincy/1hour/large_last.min,1,0.083534,1.310817003250122
cs_gcc_O0,clusters/natural/google_trace/quincy/1hour/large_last.min,1,0.267216,1.897484302520752
cs_clang_O3,clusters/natural/google_trace/quincy/1hour/large_last.min,1,0.078024,1.2273404598236084
cs_gcc_O3,clusters/natural/google_trace/quincy/1hour/large_last.min,1,0.080933,1.2764053344726562
cs_clang_debug,clusters/natural/google_trace/quincy/1hour/large_last.min,1,0.257570,1.7977476119995117
cs_gcc_O2,clusters/natural/google_trace/quincy/1hour/large_last.min,1,0.077864,1.2658169269561768
cs_clang_O2,clusters/natural/google_trace/quincy/1hour/large_last.min,1,0.079132,1.2552542686462402
cs_clang_O0,clusters/natural/google_trace/quincy/1hour/large_last.min,1,0.250295,2.3114736080169678
cs_gcc_debug,clusters/natural/google_trace/quincy/1hour/large_last.min,2,0.334983,1.9420359134674072
cs_clang_O1,clusters/natural/google_trace/quincy/1hour/large_last.min,2,0.185233,1.6351873874664307
cs_gcc_O1,clusters/natural/google_trace/quincy/1hour/large_last.min,2,0.082552,1.2718327045440674
cs_gcc_O0,clusters/natural/google_trace/quincy/1hour/large_last.min,2,0.264556,1.9724929332733154
cs_clang_O3,clusters/natural/google_trace/quincy/1hour/large_last.min,2,0.079530,1.2286889553070068
cs_gcc_O3,clusters/natural/google_trace/quincy/1hour/large_last.min,2,0.079240,1.255488395690918
cs_clang_debug,clusters/natural/google_trace/quincy/1hour/large_last.min,2,0.258224,1.8524506092071533
cs_gcc_O2,clusters/natural/google_trace/quincy/1hour/large_last.min,2,0.081398,1.2775194644927979
cs_clang_O2,clusters/natural/google_trace/quincy/1hour/large_last.min,2,0.078562,1.2744662761688232
cs_clang_O0,clusters/natural/google_trace/quincy/1hour/large_last.min,2,0.257529,1.8243753910064697
cs_gcc_debug,clusters/natural/google_trace/quincy/1hour/large_last.min,3,0.272116,1.8610002994537354
cs_clang_O1,clusters/natural/google_trace/quincy/1hour/large_last.min,3,0.187267,1.533494472503662
cs_gcc_O1,clusters/natural/google_trace/quincy/1hour/large_last.min,3,0.083833,1.3085870742797852
cs_gcc_O0,clusters/natural/google_trace/quincy/1hour/large_last.min,3,0.271145,1.8582584857940674
cs_clang_O3,clusters/natural/google_trace/quincy/1hour/large_last.min,3,0.077950,1.2341923713684082
cs_gcc_O3,clusters/natural/google_trace/quincy/1hour/large_last.min,3,0.079012,1.2657992839813232
cs_clang_debug,clusters/natural/google_trace/quincy/1hour/large_last.min,3,0.251192,1.7837154865264893
cs_gcc_O2,clusters/natural/google_trace/quincy/1hour/large_last.min,3,0.078586,1.3283655643463135
cs_clang_O2,clusters/natural/google_trace/quincy/1hour/large_last.min,3,0.080273,1.300095796585083
cs_clang_O0,clusters/natural/google_trace/quincy/1hour/large_last.min,3,0.251582,1.8225469589233398
cs_gcc_debug,clusters/natural/google_trace/quincy/1hour/large_last.min,4,0.267796,1.8606154918670654
cs_clang_O1,clusters/natural/google_trace/quincy/1hour/large_last.min,4,0.186230,1.5867574214935303
cs_gcc_O1,clusters/natural/google_trace/quincy/1hour/large_last.min,4,0.080371,1.25925612449646
cs_gcc_O0,clusters/natural/google_trace/quincy/1hour/large_last.min,4,0.268162,1.882317304611206
cs_clang_O3,clusters/natural/google_trace/quincy/1hour/large_last.min,4,0.081542,1.2328498363494873
cs_gcc_O3,clusters/natural/google_trace/quincy/1hour/large_last.min,4,0.078954,1.2358200550079346
cs_clang_debug,clusters/natural/google_trace/quincy/1hour/large_last.min,4,0.257126,1.882746696472168
cs_gcc_O2,clusters/natural/google_trace/quincy/1hour/large_last.min,4,0.078157,1.2877354621887207
cs_clang_O2,clusters/natural/google_trace/quincy/1hour/large_last.min,4,0.077822,1.285660982131958
cs_clang_O0,clusters/natural/google_trace/quincy/1hour/large_last.min,4,0.361604,1.8845937252044678
cs_gcc_debug,clusters/natural/google_trace/quincy/1hour/medium_first.min,0,24.075058,25.018033266067505
cs_clang_O1,clusters/natural/google_trace/quincy/1hour/medium_first.min,0,16.878833,17.703010320663452
cs_gcc_O1,clusters/natural/google_trace/quincy/1hour/medium_first.min,0,9.336396,10.092707395553589
cs_gcc_O0,clusters/natural/google_trace/quincy/1hour/medium_first.min,0,23.993741,24.99149751663208
cs_clang_O3,clusters/natural/google_trace/quincy/1hour/medium_first.min,0,9.126980,9.865615606307983
cs_gcc_O3,clusters/natural/google_trace/quincy/1hour/medium_first.min,0,8.709176,9.43549656867981
cs_clang_debug,clusters/natural/google_trace/quincy/1hour/medium_first.min,0,23.975019,24.96416687965393
cs_gcc_O2,clusters/natural/google_trace/quincy/1hour/medium_first.min,0,9.128117,9.873923301696777
cs_clang_O2,clusters/natural/google_trace/quincy/1hour/medium_first.min,0,9.354436,10.107220888137817
cs_clang_O0,clusters/natural/google_trace/quincy/1hour/medium_first.min,0,23.593297,24.54652190208435
cs_gcc_debug,clusters/natural/google_trace/quincy/1hour/medium_first.min,1,23.517026,24.45676898956299
cs_clang_O1,clusters/natural/google_trace/quincy/1hour/medium_first.min,1,16.287872,17.11774730682373
cs_gcc_O1,clusters/natural/google_trace/quincy/1hour/medium_first.min,1,9.350765,10.138838291168213
cs_gcc_O0,clusters/natural/google_trace/quincy/1hour/medium_first.min,1,23.760050,24.716121196746826
cs_clang_O3,clusters/natural/google_trace/quincy/1hour/medium_first.min,1,8.611808,9.332914113998413
cs_gcc_O3,clusters/natural/google_trace/quincy/1hour/medium_first.min,1,8.282136,9.024425983428955
cs_clang_debug,clusters/natural/google_trace/quincy/1hour/medium_first.min,1,22.727515,23.692320585250854
cs_gcc_O2,clusters/natural/google_trace/quincy/1hour/medium_first.min,1,8.562963,9.401922464370728
cs_clang_O2,clusters/natural/google_trace/quincy/1hour/medium_first.min,1,10.127933,10.918519973754883
cs_clang_O0,clusters/natural/google_trace/quincy/1hour/medium_first.min,1,25.884230,26.85723567008972
cs_gcc_debug,clusters/natural/google_trace/quincy/1hour/medium_first.min,2,26.340794,27.313258171081543
cs_clang_O1,clusters/natural/google_trace/quincy/1hour/medium_first.min,2,18.802642,19.648133516311646
cs_gcc_O1,clusters/natural/google_trace/quincy/1hour/medium_first.min,2,10.779837,11.836859703063965
cs_gcc_O0,clusters/natural/google_trace/quincy/1hour/medium_first.min,2,25.939080,26.924241304397583
cs_clang_O3,clusters/natural/google_trace/quincy/1hour/medium_first.min,2,10.043430,10.805326461791992
cs_gcc_O3,clusters/natural/google_trace/quincy/1hour/medium_first.min,2,9.607453,10.335524082183838
cs_clang_debug,clusters/natural/google_trace/quincy/1hour/medium_first.min,2,26.067791,27.011372327804565
cs_gcc_O2,clusters/natural/google_trace/quincy/1hour/medium_first.min,2,10.165265,10.896423816680908
cs_clang_O2,clusters/natural/google_trace/quincy/1hour/medium_first.min,2,9.432239,10.1887845993042
cs_clang_O0,clusters/natural/google_trace/quincy/1hour/medium_first.min,2,24.286555,25.2569100856781
cs_gcc_debug,clusters/natural/google_trace/quincy/1hour/medium_first.min,3,24.888310,25.817985773086548
cs_clang_O1,clusters/natural/google_trace/quincy/1hour/medium_first.min,3,17.873221,18.717803716659546
cs_gcc_O1,clusters/natural/google_trace/quincy/1hour/medium_first.min,3,10.479389,11.259037494659424
cs_gcc_O0,clusters/natural/google_trace/quincy/1hour/medium_first.min,3,24.480594,25.442690134048462
cs_clang_O3,clusters/natural/google_trace/quincy/1hour/medium_first.min,3,9.399045,10.14924955368042
cs_gcc_O3,clusters/natural/google_trace/quincy/1hour/medium_first.min,3,8.769696,9.515604496002197
cs_clang_debug,clusters/natural/google_trace/quincy/1hour/medium_first.min,3,22.591307,23.563055992126465
cs_gcc_O2,clusters/natural/google_trace/quincy/1hour/medium_first.min,3,8.977168,9.723914861679077
cs_clang_O2,clusters/natural/google_trace/quincy/1hour/medium_first.min,3,9.313863,10.294872760772705
cs_clang_O0,clusters/natural/google_trace/quincy/1hour/medium_first.min,3,25.012248,25.910998344421387
cs_gcc_debug,clusters/natural/google_trace/quincy/1hour/medium_first.min,4,23.916828,24.86971378326416
cs_clang_O1,clusters/natural/google_trace/quincy/1hour/medium_first.min,4,16.506810,17.578874588012695
cs_gcc_O1,clusters/natural/google_trace/quincy/1hour/medium_first.min,4,9.100814,9.838372707366943
cs_gcc_O0,clusters/natural/google_trace/quincy/1hour/medium_first.min,4,23.632746,24.59517002105713
cs_clang_O3,clusters/natural/google_trace/quincy/1hour/medium_first.min,4,8.976776,9.697532415390015
cs_gcc_O3,clusters/natural/google_trace/quincy/1hour/medium_first.min,4,8.618451,9.350098848342896
cs_clang_debug,clusters/natural/google_trace/quincy/1hour/medium_first.min,4,23.601681,24.54195785522461
cs_gcc_O2,clusters/natural/google_trace/quincy/1hour/medium_first.min,4,9.287946,10.011995553970337
cs_clang_O2,clusters/natural/google_trace/quincy/1hour/medium_first.min,4,9.100108,9.86479640007019
cs_clang_O0,clusters/natural/google_trace/quincy/1hour/medium_first.min,4,23.745074,24.71991801261902
cs_gcc_debug,clusters/natural/google_trace/quincy/1hour/small_last.min,0,0.008620,0.07743406295776367
cs_clang_O1,clusters/natural/google_trace/quincy/1hour/small_last.min,0,0.005135,0.06308317184448242
cs_gcc_O1,clusters/natural/google_trace/quincy/1hour/small_last.min,0,0.001492,0.053751230239868164
cs_gcc_O0,clusters/natural/google_trace/quincy/1hour/small_last.min,0,0.008563,0.07657742500305176
cs_clang_O3,clusters/natural/google_trace/quincy/1hour/small_last.min,0,0.001367,0.050138235092163086
cs_gcc_O3,clusters/natural/google_trace/quincy/1hour/small_last.min,0,0.001460,0.04998040199279785
cs_clang_debug,clusters/natural/google_trace/quincy/1hour/small_last.min,0,0.007672,0.07333183288574219
cs_gcc_O2,clusters/natural/google_trace/quincy/1hour/small_last.min,0,0.001392,0.0580134391784668
cs_clang_O2,clusters/natural/google_trace/quincy/1hour/small_last.min,0,0.001402,0.05465817451477051
cs_clang_O0,clusters/natural/google_trace/quincy/1hour/small_last.min,0,0.007674,0.07462501525878906
cs_gcc_debug,clusters/natural/google_trace/quincy/1hour/small_last.min,1,0.008544,0.0778665542602539
cs_clang_O1,clusters/natural/google_trace/quincy/1hour/small_last.min,1,0.005087,0.06371498107910156
cs_gcc_O1,clusters/natural/google_trace/quincy/1hour/small_last.min,1,0.001444,0.05158567428588867
cs_gcc_O0,clusters/natural/google_trace/quincy/1hour/small_last.min,1,0.008524,0.07709026336669922
cs_clang_O3,clusters/natural/google_trace/quincy/1hour/small_last.min,1,0.001369,0.05014514923095703
cs_gcc_O3,clusters/natural/google_trace/quincy/1hour/small_last.min,1,0.001353,0.051491498947143555
cs_clang_debug,clusters/natural/google_trace/quincy/1hour/small_last.min,1,0.007714,0.07201623916625977
cs_gcc_O2,clusters/natural/google_trace/quincy/1hour/small_last.min,1,0.001395,0.05148434638977051
cs_clang_O2,clusters/natural/google_trace/quincy/1hour/small_last.min,1,0.001407,0.05208325386047363
cs_clang_O0,clusters/natural/google_trace/quincy/1hour/small_last.min,1,0.007684,0.07741570472717285
cs_gcc_debug,clusters/natural/google_trace/quincy/1hour/small_last.min,2,0.008763,0.07813596725463867
cs_clang_O1,clusters/natural/google_trace/quincy/1hour/small_last.min,2,0.006501,0.10361838340759277
cs_gcc_O1,clusters/natural/google_trace/quincy/1hour/small_last.min,2,0.001435,0.05393099784851074
cs_gcc_O0,clusters/natural/google_trace/quincy/1hour/small_last.min,2,0.008499,0.07863998413085938
cs_clang_O3,clusters/natural/google_trace/quincy/1hour/small_last.min,2,0.001366,0.05561089515686035
cs_gcc_O3,clusters/natural/google_trace/quincy/1hour/small_last.min,2,0.001337,0.05046391487121582
cs_clang_debug,clusters/natural/google_trace/quincy/1hour/small_last.min,2,0.007619,0.07633638381958008
cs_gcc_O2,clusters/natural/google_trace/quincy/1hour/small_last.min,2,0.001382,0.05507946014404297
cs_clang_O2,clusters/natural/google_trace/quincy/1hour/small_last.min,2,0.001371,0.052474021911621094
cs_clang_O0,clusters/natural/google_trace/quincy/1hour/small_last.min,2,0.007607,0.07756876945495605
cs_gcc_debug,clusters/natural/google_trace/quincy/1hour/small_last.min,3,0.008526,0.07783365249633789
cs_clang_O1,clusters/natural/google_trace/quincy/1hour/small_last.min,3,0.005056,0.06223320960998535
cs_gcc_O1,clusters/natural/google_trace/quincy/1hour/small_last.min,3,0.001418,0.05372166633605957
cs_gcc_O0,clusters/natural/google_trace/quincy/1hour/small_last.min,3,0.008705,0.07613682746887207
cs_clang_O3,clusters/natural/google_trace/quincy/1hour/small_last.min,3,0.001351,0.05260348320007324
cs_gcc_O3,clusters/natural/google_trace/quincy/1hour/small_last.min,3,0.001346,0.052214622497558594
cs_clang_debug,clusters/natural/google_trace/quincy/1hour/small_last.min,3,0.007701,0.07302236557006836
cs_gcc_O2,clusters/natural/google_trace/quincy/1hour/small_last.min,3,0.001437,0.05118918418884277
cs_clang_O2,clusters/natural/google_trace/quincy/1hour/small_last.min,3,0.001364,0.0537419319152832
cs_clang_O0,clusters/natural/google_trace/quincy/1hour/small_last.min,3,0.007781,0.07679581642150879
cs_gcc_debug,clusters/natural/google_trace/quincy/1hour/small_last.min,4,0.008508,0.07880139350891113
cs_clang_O1,clusters/natural/google_trace/quincy/1hour/small_last.min,4,0.005059,0.06287956237792969
cs_gcc_O1,clusters/natural/google_trace/quincy/1hour/small_last.min,4,0.001424,0.05342459678649902
cs_gcc_O0,clusters/natural/google_trace/quincy/1hour/small_last.min,4,0.008524,0.07830023765563965
cs_clang_O3,clusters/natural/google_trace/quincy/1hour/small_last.min,4,0.001361,0.050382375717163086
cs_gcc_O3,clusters/natural/google_trace/quincy/1hour/small_last.min,4,0.001360,0.050028085708618164
cs_clang_debug,clusters/natural/google_trace/quincy/1hour/small_last.min,4,0.007790,0.07376837730407715
cs_gcc_O2,clusters/natural/google_trace/quincy/1hour/small_last.min,4,0.001399,0.053113460540771484
cs_clang_O2,clusters/natural/google_trace/quincy/1hour/small_last.min,4,0.002049,0.08368253707885742
cs_clang_O0,clusters/natural/google_trace/quincy/1hour/small_last.min,4,0.007737,0.07248163223266602
cs_gcc_debug,clusters/natural/google_trace/quincy/1hour/large_first.min,0,Timeout,Timeout
cs_clang_O1,clusters/natural/google_trace/quincy/1hour/large_first.min,0,Timeout,Timeout
cs_gcc_O1,clusters/natural/google_trace/quincy/1hour/large_first.min,0,Timeout,Timeout
cs_gcc_O0,clusters/natural/google_trace/quincy/1hour/large_first.min,0,Timeout,Timeout
cs_clang_O3,clusters/natural/google_trace/quincy/1hour/large_first.min,0,Timeout,Timeout
cs_gcc_O3,clusters/natural/google_trace/quincy/1hour/large_first.min,0,Timeout,Timeout
cs_clang_debug,clusters/natural/google_trace/quincy/1hour/large_first.min,0,Timeout,Timeout
cs_gcc_O2,clusters/natural/google_trace/quincy/1hour/large_first.min,0,Timeout,Timeout
cs_clang_O2,clusters/natural/google_trace/quincy/1hour/large_first.min,0,Timeout,Timeout
cs_clang_O0,clusters/natural/google_trace/quincy/1hour/large_first.min,0,Timeout,Timeout
cs_gcc_debug,clusters/natural/google_trace/quincy/1hour/medium_last.min,0,0.052058,0.37052416801452637
cs_clang_O1,clusters/natural/google_trace/quincy/1hour/medium_last.min,0,0.034750,0.3015258312225342
cs_gcc_O1,clusters/natural/google_trace/quincy/1hour/medium_last.min,0,0.012957,0.25197815895080566
cs_gcc_O0,clusters/natural/google_trace/quincy/1hour/medium_last.min,0,0.052502,0.3589930534362793
cs_clang_O3,clusters/natural/google_trace/quincy/1hour/medium_last.min,0,0.012405,0.23875999450683594
cs_gcc_O3,clusters/natural/google_trace/quincy/1hour/medium_last.min,0,0.011794,0.24672889709472656
cs_clang_debug,clusters/natural/google_trace/quincy/1hour/medium_last.min,0,0.048572,0.3660869598388672
cs_gcc_O2,clusters/natural/google_trace/quincy/1hour/medium_last.min,0,0.012176,0.23891091346740723
cs_clang_O2,clusters/natural/google_trace/quincy/1hour/medium_last.min,0,0.011603,0.24646401405334473
cs_clang_O0,clusters/natural/google_trace/quincy/1hour/medium_last.min,0,0.048938,0.35158824920654297
cs_gcc_debug,clusters/natural/google_trace/quincy/1hour/medium_last.min,1,0.051802,0.3755626678466797
cs_clang_O1,clusters/natural/google_trace/quincy/1hour/medium_last.min,1,0.036773,0.3043854236602783
cs_gcc_O1,clusters/natural/google_trace/quincy/1hour/medium_last.min,1,0.012177,0.2413954734802246
cs_gcc_O0,clusters/natural/google_trace/quincy/1hour/medium_last.min,1,0.051636,0.36632680892944336
cs_clang_O3,clusters/natural/google_trace/quincy/1hour/medium_last.min,1,0.011712,0.2365882396697998
cs_gcc_O3,clusters/natural/google_trace/quincy/1hour/medium_last.min,1,0.011638,0.23954057693481445
cs_clang_debug,clusters/natural/google_trace/quincy/1hour/medium_last.min,1,0.048232,0.35510993003845215
cs_gcc_O2,clusters/natural/google_trace/quincy/1hour/medium_last.min,1,0.012194,0.241011381149292
cs_clang_O2,clusters/natural/google_trace/quincy/1hour/medium_last.min,1,0.011525,0.24172544479370117
cs_clang_O0,clusters/natural/google_trace/quincy/1hour/medium_last.min,1,0.048659,0.3584122657775879
cs_gcc_debug,clusters/natural/google_trace/quincy/1hour/medium_last.min,2,0.053170,0.35698628425598145
cs_clang_O1,clusters/natural/google_trace/quincy/1hour/medium_last.min,2,0.034866,0.2929837703704834
cs_gcc_O1,clusters/natural/google_trace/quincy/1hour/medium_last.min,2,0.012415,0.24625134468078613
cs_gcc_O0,clusters/natural/google_trace/quincy/1hour/medium_last.min,2,0.052275,0.3547780513763428
cs_clang_O3,clusters/natural/google_trace/quincy/1hour/medium_last.min,2,0.011899,0.23806428909301758
cs_gcc_O3,clusters/natural/google_trace/quincy/1hour/medium_last.min,2,0.012092,0.23426508903503418
cs_clang_debug,clusters/natural/google_trace/quincy/1hour/medium_last.min,2,0.048818,0.3681497573852539
cs_gcc_O2,clusters/natural/google_trace/quincy/1hour/medium_last.min,2,0.011930,0.24152565002441406
cs_clang_O2,clusters/natural/google_trace/quincy/1hour/medium_last.min,2,0.011744,0.24511075019836426
cs_clang_O0,clusters/natural/google_trace/quincy/1hour/medium_last.min,2,0.048205,0.35436320304870605
cs_gcc_debug,clusters/natural/google_trace/quincy/1hour/medium_last.min,3,0.052202,0.3968019485473633
cs_clang_O1,clusters/natural/google_trace/quincy/1hour/medium_last.min,3,0.034380,0.3040013313293457
cs_gcc_O1,clusters/natural/google_trace/quincy/1hour/medium_last.min,3,0.012165,0.24958348274230957
cs_gcc_O0,clusters/natural/google_trace/quincy/1hour/medium_last.min,3,0.051611,0.3562352657318115
cs_clang_O3,clusters/natural/google_trace/quincy/1hour/medium_last.min,3,0.011752,0.23665738105773926
cs_gcc_O3,clusters/natural/google_trace/quincy/1hour/medium_last.min,3,0.011930,0.24350881576538086
cs_clang_debug,clusters/natural/google_trace/quincy/1hour/medium_last.min,3,0.048675,0.37130284309387207
cs_gcc_O2,clusters/natural/google_trace/quincy/1hour/medium_last.min,3,0.013383,0.244734525680542
cs_clang_O2,clusters/natural/google_trace/quincy/1hour/medium_last.min,3,0.011988,0.24275970458984375
cs_clang_O0,clusters/natural/google_trace/quincy/1hour/medium_last.min,3,0.049012,0.358400821685791
cs_gcc_debug,clusters/natural/google_trace/quincy/1hour/medium_last.min,4,0.051942,0.3574028015136719
cs_clang_O1,clusters/natural/google_trace/quincy/1hour/medium_last.min,4,0.034921,0.29283928871154785
cs_gcc_O1,clusters/natural/google_trace/quincy/1hour/medium_last.min,4,0.012852,0.24941229820251465
cs_gcc_O0,clusters/natural/google_trace/quincy/1hour/medium_last.min,4,0.052497,0.3687112331390381
cs_clang_O3,clusters/natural/google_trace/quincy/1hour/medium_last.min,4,0.012044,0.2404193878173828
cs_gcc_O3,clusters/natural/google_trace/quincy/1hour/medium_last.min,4,0.012248,0.24235081672668457
cs_clang_debug,clusters/natural/google_trace/quincy/1hour/medium_last.min,4,0.049252,0.35857391357421875
cs_gcc_O2,clusters/natural/google_trace/quincy/1hour/medium_last.min,4,0.012278,0.24768424034118652
cs_clang_O2,clusters/natural/google_trace/quincy/1hour/medium_last.min,4,0.008246,0.25189971923828125
cs_clang_O0,clusters/natural/google_trace/quincy/1hour/medium_last.min,4,0.045427,0.35491490364074707
cs_gcc_debug,clusters/natural/google_trace/quincy/1hour/full_size_last.min,0,1.113958,7.486579895019531
cs_clang_O1,clusters/natural/google_trace/quincy/1hour/full_size_last.min,0,0.774011,6.063147068023682
cs_gcc_O1,clusters/natural/google_trace/quincy/1hour/full_size_last.min,0,0.350444,5.124866247177124
cs_gcc_O0,clusters/natural/google_trace/quincy/1hour/full_size_last.min,0,1.114551,7.1540446281433105
cs_clang_O3,clusters/natural/google_trace/quincy/1hour/full_size_last.min,0,0.335102,5.0411536693573
cs_gcc_O3,clusters/natural/google_trace/quincy/1hour/full_size_last.min,0,0.361825,5.969979524612427
cs_clang_debug,clusters/natural/google_trace/quincy/1hour/full_size_last.min,0,1.446011,9.405603647232056
cs_gcc_O2,clusters/natural/google_trace/quincy/1hour/full_size_last.min,0,0.333266,5.166987180709839
cs_clang_O2,clusters/natural/google_trace/quincy/1hour/full_size_last.min,0,0.332338,6.1221253871917725
cs_clang_O0,clusters/natural/google_trace/quincy/1hour/full_size_last.min,0,1.049506,7.422292470932007
cs_gcc_debug,clusters/natural/google_trace/quincy/1hour/full_size_last.min,1,1.126289,7.573445796966553
cs_clang_O1,clusters/natural/google_trace/quincy/1hour/full_size_last.min,1,0.754140,6.067336082458496
cs_gcc_O1,clusters/natural/google_trace/quincy/1hour/full_size_last.min,1,0.353569,7.562793970108032
cs_gcc_O0,clusters/natural/google_trace/quincy/1hour/full_size_last.min,1,1.113713,7.393740892410278
cs_clang_O3,clusters/natural/google_trace/quincy/1hour/full_size_last.min,1,0.330300,4.814055442810059
cs_gcc_O3,clusters/natural/google_trace/quincy/1hour/full_size_last.min,1,0.338401,4.922291994094849
cs_clang_debug,clusters/natural/google_trace/quincy/1hour/full_size_last.min,1,1.052843,8.052348852157593
cs_gcc_O2,clusters/natural/google_trace/quincy/1hour/full_size_last.min,1,0.336860,5.028177499771118
cs_clang_O2,clusters/natural/google_trace/quincy/1hour/full_size_last.min,1,0.337123,5.065472841262817
cs_clang_O0,clusters/natural/google_trace/quincy/1hour/full_size_last.min,1,1.024570,7.136491537094116
cs_gcc_debug,clusters/natural/google_trace/quincy/1hour/full_size_last.min,2,1.087730,7.564956188201904
cs_clang_O1,clusters/natural/google_trace/quincy/1hour/full_size_last.min,2,0.749276,6.153471946716309
cs_gcc_O1,clusters/natural/google_trace/quincy/1hour/full_size_last.min,2,0.336953,5.378643989562988
cs_gcc_O0,clusters/natural/google_trace/quincy/1hour/full_size_last.min,2,1.097654,7.2688000202178955
cs_clang_O3,clusters/natural/google_trace/quincy/1hour/full_size_last.min,2,0.325168,5.020364999771118
cs_gcc_O3,clusters/natural/google_trace/quincy/1hour/full_size_last.min,2,0.319797,4.9284141063690186
cs_clang_debug,clusters/natural/google_trace/quincy/1hour/full_size_last.min,2,1.052084,7.173152685165405
cs_gcc_O2,clusters/natural/google_trace/quincy/1hour/full_size_last.min,2,0.321639,4.905483961105347
cs_clang_O2,clusters/natural/google_trace/quincy/1hour/full_size_last.min,2,0.324263,4.9814276695251465
cs_clang_O0,clusters/natural/google_trace/quincy/1hour/full_size_last.min,2,1.029293,7.412131071090698
cs_gcc_debug,clusters/natural/google_trace/quincy/1hour/full_size_last.min,3,1.104235,7.471944332122803
cs_clang_O1,clusters/natural/google_trace/quincy/1hour/full_size_last.min,3,0.763884,5.977553367614746
cs_gcc_O1,clusters/natural/google_trace/quincy/1hour/full_size_last.min,3,0.322999,5.057853937149048
cs_gcc_O0,clusters/natural/google_trace/quincy/1hour/full_size_last.min,3,1.110021,7.534987688064575
cs_clang_O3,clusters/natural/google_trace/quincy/1hour/full_size_last.min,3,0.323391,5.841338872909546
cs_gcc_O3,clusters/natural/google_trace/quincy/1hour/full_size_last.min,3,0.315324,4.824307203292847
cs_clang_debug,clusters/natural/google_trace/quincy/1hour/full_size_last.min,3,1.264505,7.9242308139801025
cs_gcc_O2,clusters/natural/google_trace/quincy/1hour/full_size_last.min,3,0.319867,5.363142490386963
cs_clang_O2,clusters/natural/google_trace/quincy/1hour/full_size_last.min,3,0.319679,5.065402984619141
cs_clang_O0,clusters/natural/google_trace/quincy/1hour/full_size_last.min,3,1.030430,7.183138370513916
cs_gcc_debug,clusters/natural/google_trace/quincy/1hour/full_size_last.min,4,1.091808,7.4509923458099365
cs_clang_O1,clusters/natural/google_trace/quincy/1hour/full_size_last.min,4,0.746023,6.137286901473999
cs_gcc_O1,clusters/natural/google_trace/quincy/1hour/full_size_last.min,4,0.334732,5.199435472488403
cs_gcc_O0,clusters/natural/google_trace/quincy/1hour/full_size_last.min,4,1.105613,8.169294834136963
cs_clang_O3,clusters/natural/google_trace/quincy/1hour/full_size_last.min,4,0.328510,5.584163188934326
cs_gcc_O3,clusters/natural/google_trace/quincy/1hour/full_size_last.min,4,0.324745,4.966002464294434
cs_clang_debug,clusters/natural/google_trace/quincy/1hour/full_size_last.min,4,1.033901,7.035205364227295
cs_gcc_O2,clusters/natural/google_trace/quincy/1hour/full_size_last.min,4,0.325625,4.964222192764282
cs_clang_O2,clusters/natural/google_trace/quincy/1hour/full_size_last.min,4,0.317044,5.0533998012542725
cs_clang_O0,clusters/natural/google_trace/quincy/1hour/full_size_last.min,4,1.028233,6.97135329246521
cs_gcc_debug,clusters/natural/google_trace/quincy/1hour/full_size_first.min,0,Timeout,Timeout
cs_clang_O1,clusters/natural/google_trace/quincy/1hour/full_size_first.min,0,Timeout,Timeout
cs_gcc_O1,clusters/natural/google_trace/quincy/1hour/full_size_first.min,0,Timeout,Timeout
cs_gcc_O0,clusters/natural/google_trace/quincy/1hour/full_size_first.min,0,Timeout,Timeout
cs_clang_O3,clusters/natural/google_trace/quincy/1hour/full_size_first.min,0,Timeout,Timeout
cs_gcc_O3,clusters/natural/google_trace/quincy/1hour/full_size_first.min,0,Timeout,Timeout
cs_clang_debug,clusters/natural/google_trace/quincy/1hour/full_size_first.min,0,Timeout,Timeout
cs_gcc_O2,clusters/natural/google_trace/quincy/1hour/full_size_first.min,0,Timeout,Timeout
cs_clang_O2,clusters/natural/google_trace/quincy/1hour/full_size_first.min,0,Timeout,Timeout
cs_clang_O0,clusters/natural/google_trace/quincy/1hour/full_size_first.min,0,Timeout,Timeout
cs_gcc_debug,clusters/natural/google_trace/quincy/1hour/small_first.min,0,3.267251,3.450263500213623
cs_clang_O1,clusters/natural/google_trace/quincy/1hour/small_first.min,0,2.097723,2.2609615325927734
cs_gcc_O1,clusters/natural/google_trace/quincy/1hour/small_first.min,0,0.861787,1.009798288345337
cs_gcc_O0,clusters/natural/google_trace/quincy/1hour/small_first.min,0,3.262756,3.4524993896484375
cs_clang_O3,clusters/natural/google_trace/quincy/1hour/small_first.min,0,0.789821,0.9353780746459961
cs_gcc_O3,clusters/natural/google_trace/quincy/1hour/small_first.min,0,0.763284,0.9097180366516113
cs_clang_debug,clusters/natural/google_trace/quincy/1hour/small_first.min,0,3.194686,3.3812026977539062
cs_gcc_O2,clusters/natural/google_trace/quincy/1hour/small_first.min,0,0.837994,0.9892523288726807
cs_clang_O2,clusters/natural/google_trace/quincy/1hour/small_first.min,0,0.775106,0.9248092174530029
cs_clang_O0,clusters/natural/google_trace/quincy/1hour/small_first.min,0,3.211971,3.398597002029419
cs_gcc_debug,clusters/natural/google_trace/quincy/1hour/small_first.min,1,3.293582,3.485729932785034
cs_clang_O1,clusters/natural/google_trace/quincy/1hour/small_first.min,1,2.039478,2.20084810256958
cs_gcc_O1,clusters/natural/google_trace/quincy/1hour/small_first.min,1,0.919557,1.0683567523956299
cs_gcc_O0,clusters/natural/google_trace/quincy/1hour/small_first.min,1,3.266329,3.4522290229797363
cs_clang_O3,clusters/natural/google_trace/quincy/1hour/small_first.min,1,0.816497,0.9630534648895264
cs_gcc_O3,clusters/natural/google_trace/quincy/1hour/small_first.min,1,0.742424,0.8886775970458984
cs_clang_debug,clusters/natural/google_trace/quincy/1hour/small_first.min,1,3.219694,3.410815715789795
cs_gcc_O2,clusters/natural/google_trace/quincy/1hour/small_first.min,1,0.806098,0.9572014808654785
cs_clang_O2,clusters/natural/google_trace/quincy/1hour/small_first.min,1,0.805492,0.9549605846405029
cs_clang_O0,clusters/natural/google_trace/quincy/1hour/small_first.min,1,3.335191,3.519568681716919
cs_gcc_debug,clusters/natural/google_trace/quincy/1hour/small_first.min,2,3.062100,3.2503373622894287
cs_clang_O1,clusters/natural/google_trace/quincy/1hour/small_first.min,2,1.894520,2.057858943939209
cs_gcc_O1,clusters/natural/google_trace/quincy/1hour/small_first.min,2,0.717848,0.8712995052337646
cs_gcc_O0,clusters/natural/google_trace/quincy/1hour/small_first.min,2,3.031141,3.2176032066345215
cs_clang_O3,clusters/natural/google_trace/quincy/1hour/small_first.min,2,0.661270,0.8092782497406006
cs_gcc_O3,clusters/natural/google_trace/quincy/1hour/small_first.min,2,0.646104,0.7945973873138428
cs_clang_debug,clusters/natural/google_trace/quincy/1hour/small_first.min,2,2.777819,2.963531970977783
cs_gcc_O2,clusters/natural/google_trace/quincy/1hour/small_first.min,2,0.713839,0.8594589233398438
cs_clang_O2,clusters/natural/google_trace/quincy/1hour/small_first.min,2,0.678720,0.8765137195587158
cs_clang_O0,clusters/natural/google_trace/quincy/1hour/small_first.min,2,2.911363,3.0945918560028076
cs_gcc_debug,clusters/natural/google_trace/quincy/1hour/small_first.min,3,3.091735,3.2899982929229736
cs_clang_O1,clusters/natural/google_trace/quincy/1hour/small_first.min,3,1.845447,2.012113332748413
cs_gcc_O1,clusters/natural/google_trace/quincy/1hour/small_first.min,3,0.796475,0.9439718723297119
cs_gcc_O0,clusters/natural/google_trace/quincy/1hour/small_first.min,3,3.042107,3.232896089553833
cs_clang_O3,clusters/natural/google_trace/quincy/1hour/small_first.min,3,0.749772,0.8977234363555908
cs_gcc_O3,clusters/natural/google_trace/quincy/1hour/small_first.min,3,0.716786,0.8639118671417236
cs_clang_debug,clusters/natural/google_trace/quincy/1hour/small_first.min,3,3.051904,3.2365493774414062
cs_gcc_O2,clusters/natural/google_trace/quincy/1hour/small_first.min,3,0.771638,0.9213929176330566
cs_clang_O2,clusters/natural/google_trace/quincy/1hour/small_first.min,3,0.659641,0.8126475811004639
cs_clang_O0,clusters/natural/google_trace/quincy/1hour/small_first.min,3,2.856744,3.052572250366211
cs_gcc_debug,clusters/natural/google_trace/quincy/1hour/small_first.min,4,3.086080,3.279388666152954
cs_clang_O1,clusters/natural/google_trace/quincy/1hour/small_first.min,4,1.676833,1.8452427387237549
cs_gcc_O1,clusters/natural/google_trace/quincy/1hour/small_first.min,4,0.722372,0.8703339099884033
cs_gcc_O0,clusters/natural/google_trace/quincy/1hour/small_first.min,4,3.295840,3.6287782192230225
cs_clang_O3,clusters/natural/google_trace/quincy/1hour/small_first.min,4,0.828630,1.0870296955108643
cs_gcc_O3,clusters/natural/google_trace/quincy/1hour/small_first.min,4,0.911592,1.1048510074615479
cs_clang_debug,clusters/natural/google_trace/quincy/1hour/small_first.min,4,3.613376,3.807485342025757
cs_gcc_O2,clusters/natural/google_trace/quincy/1hour/small_first.min,4,0.728020,0.8773682117462158
cs_clang_O2,clusters/natural/google_trace/quincy/1hour/small_first.min,4,0.712517,0.8642277717590332
cs_clang_O0,clusters/natural/google_trace/quincy/1hour/small_first.min,4,2.988068,3.173527717590332
cs_gcc_debug,clusters/natural/google_trace/quincy/1hour/large_last.min,0,0.275219,1.9027724266052246
cs_clang_O1,clusters/natural/google_trace/quincy/1hour/large_last.min,0,0.190011,1.5187628269195557
cs_gcc_O1,clusters/natural/google_trace/quincy/1hour/large_last.min,0,0.086220,1.2934608459472656
cs_gcc_O0,clusters/natural/google_trace/quincy/1hour/large_last.min,0,0.275867,1.8643898963928223
cs_clang_O3,clusters/natural/google_trace/quincy/1hour/large_last.min,0,0.082857,1.2568769454956055
cs_gcc_O3,clusters/natural/google_trace/quincy/1hour/large_last.min,0,0.084334,1.2681853771209717
cs_clang_debug,clusters/natural/google_trace/quincy/1hour/large_last.min,0,0.294151,2.0469131469726562
cs_gcc_O2,clusters/natural/google_trace/quincy/1hour/large_last.min,0,0.084086,1.2503938674926758
cs_clang_O2,clusters/natural/google_trace/quincy/1hour/large_last.min,0,0.083094,1.2987072467803955
cs_clang_O0,clusters/natural/google_trace/quincy/1hour/large_last.min,0,0.259047,1.9322130680084229
cs_gcc_debug,clusters/natural/google_trace/quincy/1hour/large_last.min,1,0.274322,1.8512067794799805
cs_clang_O1,clusters/natural/google_trace/quincy/1hour/large_last.min,1,0.187660,1.527801752090454
cs_gcc_O1,clusters/natural/google_trace/quincy/1hour/large_last.min,1,0.083978,1.351792335510254
cs_gcc_O0,clusters/natural/google_trace/quincy/1hour/large_last.min,1,0.272625,1.8590774536132812
cs_clang_O3,clusters/natural/google_trace/quincy/1hour/large_last.min,1,0.085355,1.2513036727905273
cs_gcc_O3,clusters/natural/google_trace/quincy/1hour/large_last.min,1,0.078758,1.270458698272705
cs_clang_debug,clusters/natural/google_trace/quincy/1hour/large_last.min,1,0.254351,1.9257454872131348
cs_gcc_O2,clusters/natural/google_trace/quincy/1hour/large_last.min,1,0.077991,1.3580906391143799
cs_clang_O2,clusters/natural/google_trace/quincy/1hour/large_last.min,1,0.082390,1.2945566177368164
cs_clang_O0,clusters/natural/google_trace/quincy/1hour/large_last.min,1,0.261695,1.8242840766906738
cs_gcc_debug,clusters/natural/google_trace/quincy/1hour/large_last.min,2,0.275828,1.8936724662780762
cs_clang_O1,clusters/natural/google_trace/quincy/1hour/large_last.min,2,0.189984,1.5442728996276855
cs_gcc_O1,clusters/natural/google_trace/quincy/1hour/large_last.min,2,0.086490,1.31329345703125
cs_gcc_O0,clusters/natural/google_trace/quincy/1hour/large_last.min,2,0.268029,1.8640387058258057
cs_clang_O3,clusters/natural/google_trace/quincy/1hour/large_last.min,2,0.077792,1.2184252738952637
cs_gcc_O3,clusters/natural/google_trace/quincy/1hour/large_last.min,2,0.083765,1.2895784378051758
cs_clang_debug,clusters/natural/google_trace/quincy/1hour/large_last.min,2,0.256752,1.8642339706420898
cs_gcc_O2,clusters/natural/google_trace/quincy/1hour/large_last.min,2,0.083692,1.2785050868988037
cs_clang_O2,clusters/natural/google_trace/quincy/1hour/large_last.min,2,0.083030,1.279615879058838
cs_clang_O0,clusters/natural/google_trace/quincy/1hour/large_last.min,2,0.261649,1.8317763805389404
cs_gcc_debug,clusters/natural/google_trace/quincy/1hour/large_last.min,3,0.276813,1.879197359085083
cs_clang_O1,clusters/natural/google_trace/quincy/1hour/large_last.min,3,0.191192,1.5272669792175293
cs_gcc_O1,clusters/natural/google_trace/quincy/1hour/large_last.min,3,0.083896,1.3173344135284424
cs_gcc_O0,clusters/natural/google_trace/quincy/1hour/large_last.min,3,0.271255,1.8110466003417969
cs_clang_O3,clusters/natural/google_trace/quincy/1hour/large_last.min,3,0.083364,1.2395215034484863
cs_gcc_O3,clusters/natural/google_trace/quincy/1hour/large_last.min,3,0.082163,1.2448241710662842
cs_clang_debug,clusters/natural/google_trace/quincy/1hour/large_last.min,3,0.253711,1.7923004627227783
cs_gcc_O2,clusters/natural/google_trace/quincy/1hour/large_last.min,3,0.083912,1.2586514949798584
cs_clang_O2,clusters/natural/google_trace/quincy/1hour/large_last.min,3,0.082374,1.322303056716919
cs_clang_O0,clusters/natural/google_trace/quincy/1hour/large_last.min,3,0.254136,1.8101987838745117
cs_gcc_debug,clusters/natural/google_trace/quincy/1hour/large_last.min,4,0.260470,1.820960283279419
cs_clang_O1,clusters/natural/google_trace/quincy/1hour/large_last.min,4,0.178406,1.4885716438293457
cs_gcc_O1,clusters/natural/google_trace/quincy/1hour/large_last.min,4,0.079809,1.282942295074463
cs_gcc_O0,clusters/natural/google_trace/quincy/1hour/large_last.min,4,0.267353,1.8015539646148682
cs_clang_O3,clusters/natural/google_trace/quincy/1hour/large_last.min,4,0.076931,1.2049872875213623
cs_gcc_O3,clusters/natural/google_trace/quincy/1hour/large_last.min,4,0.076135,1.2389822006225586
cs_clang_debug,clusters/natural/google_trace/quincy/1hour/large_last.min,4,0.251685,1.7956600189208984
cs_gcc_O2,clusters/natural/google_trace/quincy/1hour/large_last.min,4,0.077591,1.245649814605713
cs_clang_O2,clusters/natural/google_trace/quincy/1hour/large_last.min,4,0.074441,1.2705051898956299
cs_clang_O0,clusters/natural/google_trace/quincy/1hour/large_last.min,4,0.256565,2.081923246383667
cs_gcc_debug,clusters/natural/google_trace/quincy/1hour/medium_first.min,0,23.870207,24.818137884140015
cs_clang_O1,clusters/natural/google_trace/quincy/1hour/medium_first.min,0,16.994185,17.850989818572998
cs_gcc_O1,clusters/natural/google_trace/quincy/1hour/medium_first.min,0,9.350296,10.11554765701294
cs_gcc_O0,clusters/natural/google_trace/quincy/1hour/medium_first.min,0,24.029968,24.967582941055298
cs_clang_O3,clusters/natural/google_trace/quincy/1hour/medium_first.min,0,9.124987,9.84646463394165
cs_gcc_O3,clusters/natural/google_trace/quincy/1hour/medium_first.min,0,8.390394,9.162728071212769
cs_clang_debug,clusters/natural/google_trace/quincy/1hour/medium_first.min,0,24.207391,25.13774013519287
cs_gcc_O2,clusters/natural/google_trace/quincy/1hour/medium_first.min,0,9.217576,9.940954685211182
cs_clang_O2,clusters/natural/google_trace/quincy/1hour/medium_first.min,0,8.642506,9.444281101226807
cs_clang_O0,clusters/natural/google_trace/quincy/1hour/medium_first.min,0,24.580902,25.748410940170288
cs_gcc_debug,clusters/natural/google_trace/quincy/1hour/medium_first.min,1,25.166470,26.133615732192993
cs_clang_O1,clusters/natural/google_trace/quincy/1hour/medium_first.min,1,17.431516,18.501902103424072
cs_gcc_O1,clusters/natural/google_trace/quincy/1hour/medium_first.min,1,9.473992,10.211105823516846
cs_gcc_O0,clusters/natural/google_trace/quincy/1hour/medium_first.min,1,23.964726,24.921600103378296
cs_clang_O3,clusters/natural/google_trace/quincy/1hour/medium_first.min,1,9.031276,9.775838375091553
cs_gcc_O3,clusters/natural/google_trace/quincy/1hour/medium_first.min,1,8.845248,9.601413249969482
cs_clang_debug,clusters/natural/google_trace/quincy/1hour/medium_first.min,1,24.299253,25.219681978225708
cs_gcc_O2,clusters/natural/google_trace/quincy/1hour/medium_first.min,1,9.199513,9.934090852737427
cs_clang_O2,clusters/natural/google_trace/quincy/1hour/medium_first.min,1,8.873742,9.643906593322754
cs_clang_O0,clusters/natural/google_trace/quincy/1hour/medium_first.min,1,23.611874,24.598763942718506
cs_gcc_debug,clusters/natural/google_trace/quincy/1hour/medium_first.min,2,24.748855,25.876280069351196
cs_clang_O1,clusters/natural/google_trace/quincy/1hour/medium_first.min,2,16.895701,17.709779500961304
cs_gcc_O1,clusters/natural/google_trace/quincy/1hour/medium_first.min,2,9.542701,10.298154354095459
cs_gcc_O0,clusters/natural/google_trace/quincy/1hour/medium_first.min,2,23.547426,24.512267589569092
cs_clang_O3,clusters/natural/google_trace/quincy/1hour/medium_first.min,2,9.063113,9.785676002502441
cs_gcc_O3,clusters/natural/google_trace/quincy/1hour/medium_first.min,2,8.611504,9.342382907867432
cs_clang_debug,clusters/natural/google_trace/quincy/1hour/medium_first.min,2,23.687069,24.61527132987976
cs_gcc_O2,clusters/natural/google_trace/quincy/1hour/medium_first.min,2,9.054201,9.781567096710205
cs_clang_O2,clusters/natural/google_trace/quincy/1hour/medium_first.min,2,8.925247,9.702085494995117
cs_clang_O0,clusters/natural/google_trace/quincy/1hour/medium_first.min,2,23.759556,24.75956153869629
cs_gcc_debug,clusters/natural/google_trace/quincy/1hour/medium_first.min,3,23.786099,24.749066591262817
cs_clang_O1,clusters/natural/google_trace/quincy/1hour/medium_first.min,3,15.220165,16.046173810958862
cs_gcc_O1,clusters/natural/google_trace/quincy/1hour/medium_first.min,3,9.066670,9.866533756256104
cs_gcc_O0,clusters/natural/google_trace/quincy/1hour/medium_first.min,3,23.911713,24.87996006011963
cs_clang_O3,clusters/natural/google_trace/quincy/1hour/medium_first.min,3,8.620751,9.377461671829224
cs_gcc_O3,clusters/natural/google_trace/quincy/1hour/medium_first.min,3,8.329242,9.090621709823608
cs_clang_debug,clusters/natural/google_trace/quincy/1hour/medium_first.min,3,23.480703,24.410068035125732
cs_gcc_O2,clusters/natural/google_trace/quincy/1hour/medium_first.min,3,8.392194,9.136879444122314
cs_clang_O2,clusters/natural/google_trace/quincy/1hour/medium_first.min,3,9.024404,9.776979446411133
cs_clang_O0,clusters/natural/google_trace/quincy/1hour/medium_first.min,3,26.108916,27.08373737335205
cs_gcc_debug,clusters/natural/google_trace/quincy/1hour/medium_first.min,4,26.392633,27.383240699768066
cs_clang_O1,clusters/natural/google_trace/quincy/1hour/medium_first.min,4,18.735430,19.56096315383911
cs_gcc_O1,clusters/natural/google_trace/quincy/1hour/medium_first.min,4,10.409257,11.15270209312439
cs_gcc_O0,clusters/natural/google_trace/quincy/1hour/medium_first.min,4,26.052289,27.060889959335327
cs_clang_O3,clusters/natural/google_trace/quincy/1hour/medium_first.min,4,10.153462,10.880517959594727
cs_gcc_O3,clusters/natural/google_trace/quincy/1hour/medium_first.min,4,9.693022,10.443141222000122
cs_clang_debug,clusters/natural/google_trace/quincy/1hour/medium_first.min,4,26.192997,27.13457989692688
cs_gcc_O2,clusters/natural/google_trace/quincy/1hour/medium_first.min,4,10.345417,11.092232942581177
cs_clang_O2,clusters/natural/google_trace/quincy/1hour/medium_first.min,4,9.891429,10.849295139312744
cs_clang_O0,clusters/natural/google_trace/quincy/1hour/medium_first.min,4,24.476906,25.396783351898193
cs_gcc_debug,clusters/natural/google_trace/quincy/1hour/small_last.min,0,0.008724,0.07839179039001465
cs_clang_O1,clusters/natural/google_trace/quincy/1hour/small_last.min,0,0.006149,0.09267044067382812
cs_gcc_O1,clusters/natural/google_trace/quincy/1hour/small_last.min,0,0.001439,0.05386948585510254
cs_gcc_O0,clusters/natural/google_trace/quincy/1hour/small_last.min,0,0.008695,0.0769510269165039
cs_clang_O3,clusters/natural/google_trace/quincy/1hour/small_last.min,0,0.001376,0.05144476890563965
cs_gcc_O3,clusters/natural/google_trace/quincy/1hour/small_last.min,0,0.001375,0.05016016960144043
cs_clang_debug,clusters/natural/google_trace/quincy/1hour/small_last.min,0,0.007707,0.07359933853149414
cs_gcc_O2,clusters/natural/google_trace/quincy/1hour/small_last.min,0,0.001391,0.05453801155090332
cs_clang_O2,clusters/natural/google_trace/quincy/1hour/small_last.min,0,0.001379,0.053139448165893555
cs_clang_O0,clusters/natural/google_trace/quincy/1hour/small_last.min,0,0.007711,0.08330655097961426
cs_gcc_debug,clusters/natural/google_trace/quincy/1hour/small_last.min,1,0.008658,0.07702755928039551
cs_clang_O1,clusters/natural/google_trace/quincy/1hour/small_last.min,1,0.005149,0.06193661689758301
cs_gcc_O1,clusters/natural/google_trace/quincy/1hour/small_last.min,1,0.001434,0.05369138717651367
cs_gcc_O0,clusters/natural/google_trace/quincy/1hour/small_last.min,1,0.008587,0.0774693489074707
cs_clang_O3,clusters/natural/google_trace/quincy/1hour/small_last.min,1,0.001373,0.05133819580078125
cs_gcc_O3,clusters/natural/google_trace/quincy/1hour/small_last.min,1,0.001352,0.05147266387939453
cs_clang_debug,clusters/natural/google_trace/quincy/1hour/small_last.min,1,0.007906,0.08132600784301758
cs_gcc_O2,clusters/natural/google_trace/quincy/1hour/small_last.min,1,0.001416,0.051854610443115234
cs_clang_O2,clusters/natural/google_trace/quincy/1hour/small_last.min,1,0.001405,0.05232644081115723
cs_clang_O0,clusters/natural/google_trace/quincy/1hour/small_last.min,1,0.007862,0.07393312454223633
cs_gcc_debug,clusters/natural/google_trace/quincy/1hour/small_last.min,2,0.008840,0.0776064395904541
cs_clang_O1,clusters/natural/google_trace/quincy/1hour/small_last.min,2,0.005161,0.06372523307800293
cs_gcc_O1,clusters/natural/google_trace/quincy/1hour/small_last.min,2,0.001438,0.051849365234375
cs_gcc_O0,clusters/natural/google_trace/quincy/1hour/small_last.min,2,0.008649,0.07615971565246582
cs_clang_O3,clusters/natural/google_trace/quincy/1hour/small_last.min,2,0.001401,0.05295848846435547
cs_gcc_O3,clusters/natural/google_trace/quincy/1hour/small_last.min,2,0.001352,0.0515139102935791
cs_clang_debug,clusters/natural/google_trace/quincy/1hour/small_last.min,2,0.007726,0.07451057434082031
cs_gcc_O2,clusters/natural/google_trace/quincy/1hour/small_last.min,2,0.001403,0.05174517631530762
cs_clang_O2,clusters/natural/google_trace/quincy/1hour/small_last.min,2,0.001387,0.05194807052612305
cs_clang_O0,clusters/natural/google_trace/quincy/1hour/small_last.min,2,0.007803,0.0722503662109375
cs_gcc_debug,clusters/natural/google_trace/quincy/1hour/small_last.min,3,0.008633,0.07683134078979492
cs_clang_O1,clusters/natural/google_trace/quincy/1hour/small_last.min,3,0.005078,0.06662130355834961
cs_gcc_O1,clusters/natural/google_trace/quincy/1hour/small_last.min,3,0.001437,0.05304145812988281
cs_gcc_O0,clusters/natural/google_trace/quincy/1hour/small_last.min,3,0.008727,0.07889962196350098
cs_clang_O3,clusters/natural/google_trace/quincy/1hour/small_last.min,3,0.001363,0.05069255828857422
cs_gcc_O3,clusters/natural/google_trace/quincy/1hour/small_last.min,3,0.001348,0.05105471611022949
cs_clang_debug,clusters/natural/google_trace/quincy/1hour/small_last.min,3,0.007708,0.07383918762207031
cs_gcc_O2,clusters/natural/google_trace/quincy/1hour/small_last.min,3,0.001390,0.05112791061401367
cs_clang_O2,clusters/natural/google_trace/quincy/1hour/small_last.min,3,0.001365,0.052245378494262695
cs_clang_O0,clusters/natural/google_trace/quincy/1hour/small_last.min,3,0.007770,0.07590699195861816
cs_gcc_debug,clusters/natural/google_trace/quincy/1hour/small_last.min,4,0.008642,0.08057427406311035
cs_clang_O1,clusters/natural/google_trace/quincy/1hour/small_last.min,4,0.005089,0.06318068504333496
cs_gcc_O1,clusters/natural/google_trace/quincy/1hour/small_last.min,4,0.001450,0.05253005027770996
cs_gcc_O0,clusters/natural/google_trace/quincy/1hour/small_last.min,4,0.008673,0.07682013511657715
cs_clang_O3,clusters/natural/google_trace/quincy/1hour/small_last.min,4,0.001370,0.049973249435424805
cs_gcc_O3,clusters/natural/google_trace/quincy/1hour/small_last.min,4,0.001354,0.05100274085998535
cs_clang_debug,clusters/natural/google_trace/quincy/1hour/small_last.min,4,0.012786,0.11731839179992676
cs_gcc_O2,clusters/natural/google_trace/quincy/1hour/small_last.min,4,0.001379,0.051229000091552734
cs_clang_O2,clusters/natural/google_trace/quincy/1hour/small_last.min,4,0.001405,0.05277299880981445
cs_clang_O0,clusters/natural/google_trace/quincy/1hour/small_last.min,4,0.007777,0.07424402236938477
cs_gcc_debug,clusters/natural/google_trace/quincy/1hour/large_first.min,0,Timeout,Timeout
cs_clang_O1,clusters/natural/google_trace/quincy/1hour/large_first.min,0,Timeout,Timeout
cs_gcc_O1,clusters/natural/google_trace/quincy/1hour/large_first.min,0,Timeout,Timeout
cs_gcc_O0,clusters/natural/google_trace/quincy/1hour/large_first.min,0,Timeout,Timeout
cs_clang_O3,clusters/natural/google_trace/quincy/1hour/large_first.min,0,Timeout,Timeout
cs_gcc_O3,clusters/natural/google_trace/quincy/1hour/large_first.min,0,Timeout,Timeout
cs_clang_debug,clusters/natural/google_trace/quincy/1hour/large_first.min,0,Timeout,Timeout
cs_gcc_O2,clusters/natural/google_trace/quincy/1hour/large_first.min,0,Timeout,Timeout
cs_clang_O2,clusters/natural/google_trace/quincy/1hour/large_first.min,0,Timeout,Timeout
cs_clang_O0,clusters/natural/google_trace/quincy/1hour/large_first.min,0,Timeout,Timeout
cs_gcc_debug,clusters/natural/google_trace/quincy/1hour/medium_last.min,0,0.049766,0.3612949848175049
cs_clang_O1,clusters/natural/google_trace/quincy/1hour/medium_last.min,0,0.031090,0.29578065872192383
cs_gcc_O1,clusters/natural/google_trace/quincy/1hour/medium_last.min,0,0.010226,0.24956035614013672
cs_gcc_O0,clusters/natural/google_trace/quincy/1hour/medium_last.min,0,0.047697,0.365009069442749
cs_clang_O3,clusters/natural/google_trace/quincy/1hour/medium_last.min,0,0.008550,0.2422337532043457
cs_gcc_O3,clusters/natural/google_trace/quincy/1hour/medium_last.min,0,0.008322,0.2357039451599121
cs_clang_debug,clusters/natural/google_trace/quincy/1hour/medium_last.min,0,0.042082,0.37162089347839355
cs_gcc_O2,clusters/natural/google_trace/quincy/1hour/medium_last.min,0,0.008654,0.23518967628479004
cs_clang_O2,clusters/natural/google_trace/quincy/1hour/medium_last.min,0,0.008660,0.25170397758483887
cs_clang_O0,clusters/natural/google_trace/quincy/1hour/medium_last.min,0,0.041488,0.38515591621398926
cs_gcc_debug,clusters/natural/google_trace/quincy/1hour/medium_last.min,1,0.045073,0.3695638179779053
cs_clang_O1,clusters/natural/google_trace/quincy/1hour/medium_last.min,1,0.031790,0.29719114303588867
cs_gcc_O1,clusters/natural/google_trace/quincy/1hour/medium_last.min,1,0.011171,0.24097561836242676
cs_gcc_O0,clusters/natural/google_trace/quincy/1hour/medium_last.min,1,0.049997,0.36414670944213867
cs_clang_O3,clusters/natural/google_trace/quincy/1hour/medium_last.min,1,0.010340,0.2320384979248047
cs_gcc_O3,clusters/natural/google_trace/quincy/1hour/medium_last.min,1,0.010716,0.2335677146911621
cs_clang_debug,clusters/natural/google_trace/quincy/1hour/medium_last.min,1,0.046466,0.3594388961791992
cs_gcc_O2,clusters/natural/google_trace/quincy/1hour/medium_last.min,1,0.009113,0.23661470413208008
cs_clang_O2,clusters/natural/google_trace/quincy/1hour/medium_last.min,1,0.008619,0.23718643188476562
cs_clang_O0,clusters/natural/google_trace/quincy/1hour/medium_last.min,1,0.040930,0.3904733657836914
cs_gcc_debug,clusters/natural/google_trace/quincy/1hour/medium_last.min,2,0.049285,0.3680698871612549
cs_clang_O1,clusters/natural/google_trace/quincy/1hour/medium_last.min,2,0.032244,0.28899288177490234
cs_gcc_O1,clusters/natural/google_trace/quincy/1hour/medium_last.min,2,0.011177,0.24564075469970703
cs_gcc_O0,clusters/natural/google_trace/quincy/1hour/medium_last.min,2,0.049450,0.35542821884155273
cs_clang_O3,clusters/natural/google_trace/quincy/1hour/medium_last.min,2,0.010434,0.2475755214691162
cs_gcc_O3,clusters/natural/google_trace/quincy/1hour/medium_last.min,2,0.010629,0.23923134803771973
cs_clang_debug,clusters/natural/google_trace/quincy/1hour/medium_last.min,2,0.045435,0.3483097553253174
cs_gcc_O2,clusters/natural/google_trace/quincy/1hour/medium_last.min,2,0.008794,0.2385694980621338
cs_clang_O2,clusters/natural/google_trace/quincy/1hour/medium_last.min,2,0.008503,0.2481224536895752
cs_clang_O0,clusters/natural/google_trace/quincy/1hour/medium_last.min,2,0.068904,0.36894726753234863
cs_gcc_debug,clusters/natural/google_trace/quincy/1hour/medium_last.min,3,0.043375,0.35301709175109863
cs_clang_O1,clusters/natural/google_trace/quincy/1hour/medium_last.min,3,0.027347,0.29042625427246094
cs_gcc_O1,clusters/natural/google_trace/quincy/1hour/medium_last.min,3,0.009149,0.24027776718139648
cs_gcc_O0,clusters/natural/google_trace/quincy/1hour/medium_last.min,3,0.045438,0.35001564025878906
cs_clang_O3,clusters/natural/google_trace/quincy/1hour/medium_last.min,3,0.010466,0.23463201522827148
cs_gcc_O3,clusters/natural/google_trace/quincy/1hour/medium_last.min,3,0.010341,0.23440051078796387
cs_clang_debug,clusters/natural/google_trace/quincy/1hour/medium_last.min,3,0.046214,0.36370420455932617
cs_gcc_O2,clusters/natural/google_trace/quincy/1hour/medium_last.min,3,0.010827,0.24660420417785645
cs_clang_O2,clusters/natural/google_trace/quincy/1hour/medium_last.min,3,0.010714,0.2456662654876709
cs_clang_O0,clusters/natural/google_trace/quincy/1hour/medium_last.min,3,0.046469,0.3737812042236328
cs_gcc_debug,clusters/natural/google_trace/quincy/1hour/medium_last.min,4,0.047413,0.36032748222351074
cs_clang_O1,clusters/natural/google_trace/quincy/1hour/medium_last.min,4,0.027931,0.2926521301269531
cs_gcc_O1,clusters/natural/google_trace/quincy/1hour/medium_last.min,4,0.008723,0.2367534637451172
cs_gcc_O0,clusters/natural/google_trace/quincy/1hour/medium_last.min,4,0.049224,0.3562350273132324
cs_clang_O3,clusters/natural/google_trace/quincy/1hour/medium_last.min,4,0.010288,0.24023008346557617
cs_gcc_O3,clusters/natural/google_trace/quincy/1hour/medium_last.min,4,0.010449,0.24338936805725098
cs_clang_debug,clusters/natural/google_trace/quincy/1hour/medium_last.min,4,0.046390,0.3435642719268799
cs_gcc_O2,clusters/natural/google_trace/quincy/1hour/medium_last.min,4,0.010695,0.2389218807220459
cs_clang_O2,clusters/natural/google_trace/quincy/1hour/medium_last.min,4,0.009753,0.24403929710388184
cs_clang_O0,clusters/natural/google_trace/quincy/1hour/medium_last.min,4,0.042144,0.3444197177886963
cs_gcc_debug,clusters/natural/google_trace/quincy/1hour/full_size_last.min,0,1.082755,7.669548034667969
cs_clang_O1,clusters/natural/google_trace/quincy/1hour/full_size_last.min,0,0.763267,6.013170957565308
cs_gcc_O1,clusters/natural/google_trace/quincy/1hour/full_size_last.min,0,0.339162,5.076096773147583
cs_gcc_O0,clusters/natural/google_trace/quincy/1hour/full_size_last.min,0,1.088848,8.24035930633545
cs_clang_O3,clusters/natural/google_trace/quincy/1hour/full_size_last.min,0,0.323806,4.955580949783325
cs_gcc_O3,clusters/natural/google_trace/quincy/1hour/full_size_last.min,0,0.312033,4.991208791732788
cs_clang_debug,clusters/natural/google_trace/quincy/1hour/full_size_last.min,0,1.028243,7.2362048625946045
cs_gcc_O2,clusters/natural/google_trace/quincy/1hour/full_size_last.min,0,0.317508,5.0892417430877686
cs_clang_O2,clusters/natural/google_trace/quincy/1hour/full_size_last.min,0,0.316042,5.102947950363159
cs_clang_O0,clusters/natural/google_trace/quincy/1hour/full_size_last.min,0,1.030799,7.553955316543579
cs_gcc_debug,clusters/natural/google_trace/quincy/1hour/full_size_last.min,1,1.068245,7.4501330852508545
cs_clang_O1,clusters/natural/google_trace/quincy/1hour/full_size_last.min,1,0.745997,5.966965198516846
cs_gcc_O1,clusters/natural/google_trace/quincy/1hour/full_size_last.min,1,0.341628,5.1782166957855225
cs_gcc_O0,clusters/natural/google_trace/quincy/1hour/full_size_last.min,1,1.116536,7.490002155303955
cs_clang_O3,clusters/natural/google_trace/quincy/1hour/full_size_last.min,1,0.329201,5.122032642364502
cs_gcc_O3,clusters/natural/google_trace/quincy/1hour/full_size_last.min,1,0.326071,5.117828845977783
cs_clang_debug,clusters/natural/google_trace/quincy/1hour/full_size_last.min,1,1.066521,7.185877799987793
cs_gcc_O2,clusters/natural/google_trace/quincy/1hour/full_size_last.min,1,0.324216,4.950837850570679
cs_clang_O2,clusters/natural/google_trace/quincy/1hour/full_size_last.min,1,0.325574,5.02182674407959
cs_clang_O0,clusters/natural/google_trace/quincy/1hour/full_size_last.min,1,1.055180,7.405321359634399
cs_gcc_debug,clusters/natural/google_trace/quincy/1hour/full_size_last.min,2,1.105073,7.602033376693726
cs_clang_O1,clusters/natural/google_trace/quincy/1hour/full_size_last.min,2,0.765143,6.020432710647583
cs_gcc_O1,clusters/natural/google_trace/quincy/1hour/full_size_last.min,2,0.337373,5.175096273422241
cs_gcc_O0,clusters/natural/google_trace/quincy/1hour/full_size_last.min,2,1.108696,7.440973997116089
cs_clang_O3,clusters/natural/google_trace/quincy/1hour/full_size_last.min,2,0.325798,4.983290433883667
cs_gcc_O3,clusters/natural/google_trace/quincy/1hour/full_size_last.min,2,0.330738,4.9538562297821045
cs_clang_debug,clusters/natural/google_trace/quincy/1hour/full_size_last.min,2,1.056100,7.37992525100708
cs_gcc_O2,clusters/natural/google_trace/quincy/1hour/full_size_last.min,2,0.325751,4.973133563995361
cs_clang_O2,clusters/natural/google_trace/quincy/1hour/full_size_last.min,2,0.322729,5.399487018585205
cs_clang_O0,clusters/natural/google_trace/quincy/1hour/full_size_last.min,2,1.555466,9.497962951660156
cs_gcc_debug,clusters/natural/google_trace/quincy/1hour/full_size_last.min,3,1.110417,7.231863498687744
cs_clang_O1,clusters/natural/google_trace/quincy/1hour/full_size_last.min,3,0.766837,6.088366746902466
cs_gcc_O1,clusters/natural/google_trace/quincy/1hour/full_size_last.min,3,0.339624,4.992628812789917
cs_gcc_O0,clusters/natural/google_trace/quincy/1hour/full_size_last.min,3,1.112689,7.554968357086182
cs_clang_O3,clusters/natural/google_trace/quincy/1hour/full_size_last.min,3,0.327313,5.151871919631958
cs_gcc_O3,clusters/natural/google_trace/quincy/1hour/full_size_last.min,3,0.324185,5.1196348667144775
cs_clang_debug,clusters/natural/google_trace/quincy/1hour/full_size_last.min,3,1.066424,7.2342517375946045
cs_gcc_O2,clusters/natural/google_trace/quincy/1hour/full_size_last.min,3,0.323799,5.192617654800415
cs_clang_O2,clusters/natural/google_trace/quincy/1hour/full_size_last.min,3,0.327165,5.188884973526001
cs_clang_O0,clusters/natural/google_trace/quincy/1hour/full_size_last.min,3,1.058729,7.117254972457886
cs_gcc_debug,clusters/natural/google_trace/quincy/1hour/full_size_last.min,4,1.101562,7.478334188461304
cs_clang_O1,clusters/natural/google_trace/quincy/1hour/full_size_last.min,4,0.759812,6.1414594650268555
cs_gcc_O1,clusters/natural/google_trace/quincy/1hour/full_size_last.min,4,0.340403,5.206339359283447
cs_gcc_O0,clusters/natural/google_trace/quincy/1hour/full_size_last.min,4,1.114862,7.374434947967529
cs_clang_O3,clusters/natural/google_trace/quincy/1hour/full_size_last.min,4,0.319120,4.921360015869141
cs_gcc_O3,clusters/natural/google_trace/quincy/1hour/full_size_last.min,4,0.329915,4.894237756729126
cs_clang_debug,clusters/natural/google_trace/quincy/1hour/full_size_last.min,4,1.057836,7.216243267059326
cs_gcc_O2,clusters/natural/google_trace/quincy/1hour/full_size_last.min,4,0.327326,4.953470230102539
cs_clang_O2,clusters/natural/google_trace/quincy/1hour/full_size_last.min,4,0.324842,5.01090669631958
cs_clang_O0,clusters/natural/google_trace/quincy/1hour/full_size_last.min,4,1.057901,7.188955545425415
